Customer id;Compaint id;Ad group id;Criterian id;Date;Status;Search term;Search term url;Clicks;Impressions;Conversions;Cost Micros;Cost Per Conversion;Conversion Value;Cross Device Conversions;Keyword Text;Gclids
;;;;;;;;;;;;;;;;
1958588682;18503452522;1,44812E+11;359642412;12.11.2023;2;nekkussen;bmVra3Vzc2Vu;0;2;0.0;0;0.0;0.0;0.0;nekkussen;
;;;;;;;;;;;;;;;;
1958588682;18503452522;1,44812E+11;459543018;12.11.2023;5;original bamboo pillow;b3JpZ2luYWwgYmFtYm9vIHBpbGxvdw;0;1;0.0;0;0.0;0.0;0.0;bamboo pillow;
;;;;;;;;;;;;;;;;
1958588682;18503452522;1,44812E+11;591228482;12.11.2023;5;hoofdkussen jysk;aG9vZmRrdXNzZW4ganlzaw;0;1;0.0;0;0.0;0.0;0.0;hoofdkussen;
;;;;;;;;;;;;;;;;
1958588682;18503452522;1,44812E+11;591228482;12.11.2023;5;oeko tex kussen;b2VrbyB0ZXgga3Vzc2Vu;0;1;0.0;0;0.0;0.0;0.0;hoofdkussen;
;;;;;;;;;;;;;;;;
1958588682;18503452522;1,44812E+11;591228482;12.11.2023;5;slaapkussen;c2xhYXBrdXNzZW4;0;1;0.0;0;0.0;0.0;0.0;hoofdkussen;
;;;;;;;;;;;;;;;;
1958588682;18503452522;1,44812E+11;591228482;12.11.2023;5;smulders textiel kussens;c211bGRlcnMgdGV4dGllbCBrdXNzZW5z;0;1;0.0;0;0.0;0.0;0.0;hoofdkussen;
;;;;;;;;;;;;;;;;
1958588682;18503452522;1,44812E+11;591228482;12.11.2023;5;tempur kussen aanbieding;dGVtcHVyIGt1c3NlbiBhYW5iaWVkaW5n;0;1;0.0;0;0.0;0.0;0.0;hoofdkussen;
;;;;;;;;;;;;;;;;
1958588682;18503452522;1,44812E+11;591257402;12.11.2023;5;bed kussens;YmVkIGt1c3NlbnM;0;1;0.0;0;0.0;0.0;0.0;kussen;Cj0KCQiAjMKqBhCgARIsAPDgWlzYH8bIzk_ShAEsP0T78RrSZEZm0rp9_gsEfrFJ-yRVJ6n3LScS5JQaAv-kEALw_wcB
;;;;;;;;;;;;;;;;
1958588682;18503452522;1,44812E+11;591257402;12.11.2023;2;kussen;a3Vzc2Vu;1;3;0.0;370000;0.0;0.0;0.0;kussen;Cj0KCQiAjMKqBhCgARIsAPDgWlzYH8bIzk_ShAEsP0T78RrSZEZm0rp9_gsEfrFJ-yRVJ6n3LScS5JQaAv-kEALw_wcB
;;;;;;;;;;;;;;;;
1958588682;18503452522;1,44812E+11;591257402;12.11.2023;5;kussen voor zijslapers;a3Vzc2VuIHZvb3Igemlqc2xhcGVycw;1;1;0.0;370000;0.0;0.0;0.0;kussen;Cj0KCQiAjMKqBhCgARIsAPDgWlzYH8bIzk_ShAEsP0T78RrSZEZm0rp9_gsEfrFJ-yRVJ6n3LScS5JQaAv-kEALw_wcB
;;;;;;;;;;;;;;;;
1958588682;18503452522;1,44812E+11;591257402;12.11.2023;5;leen bakker kussens;bGVlbiBiYWtrZXIga3Vzc2Vucw;1;1;0.0;370000;0.0;0.0;0.0;kussen;Cj0KCQiAjMKqBhCgARIsAPDgWlzYH8bIzk_ShAEsP0T78RrSZEZm0rp9_gsEfrFJ-yRVJ6n3LScS5JQaAv-kEALw_wcB
;;;;;;;;;;;;;;;;
1958588682;18503452522;1,44812E+11;591257402;12.11.2023;5;neksteunkussen;bmVrc3RldW5rdXNzZW4;1;1;0.0;370000;0.0;0.0;0.0;kussen;Cj0KCQiAjMKqBhCgARIsAPDgWlzYH8bIzk_ShAEsP0T78RrSZEZm0rp9_gsEfrFJ-yRVJ6n3LScS5JQaAv-kEALw_wcB
;;;;;;;;;;;;;;;;
1958588682;18503452522;1,44812E+11;591257402;12.11.2023;5;stoere linnen kussens;c3RvZXJlIGxpbm5lbiBrdXNzZW5z;0;1;0.0;0;0.0;0.0;0.0;kussen;Cj0KCQiAjMKqBhCgARIsAPDgWlzYH8bIzk_ShAEsP0T78RrSZEZm0rp9_gsEfrFJ-yRVJ6n3LScS5JQaAv-kEALw_wcB
;;;;;;;;;;;;;;;;
1958588682;18503452522;1,44812E+11;591257402;12.11.2023;5;zitkussens;eml0a3Vzc2Vucw;0;1;0.0;0;0.0;0.0;0.0;kussen;Cj0KCQiAjMKqBhCgARIsAPDgWlzYH8bIzk_ShAEsP0T78RrSZEZm0rp9_gsEfrFJ-yRVJ6n3LScS5JQaAv-kEALw_wcB
;;;;;;;;;;;;;;;;
1958588682;18503452522;1,44812E+11;898016288;12.11.2023;5;van dijk dekbed;dmFuIGRpamsgZGVrYmVk;0;1;0.0;0;0.0;0.0;0.0;donzen dekbedden;
;;;;;;;;;;;;;;;;
1958588682;18503452522;1,44812E+11;76631412545;12.11.2023;2;bamboe kussen;YmFtYm9lIGt1c3Nlbg;1;4;0.0;370000;0.0;0.0;0.0;bamboe kussen;Cj0KCQiAjMKqBhCgARIsAPDgWlxX3apBbZCilFJjG-u7LGDRgO6omP7hMQDw7Wbgw9RccRH73auDNs0aAtcREALw_wcB
;;;;;;;;;;;;;;;;
1958588682;18503452522;1,44812E+11;2,96456E+11;12.11.2023;5;kussen dat koel blijft;a3Vzc2VuIGRhdCBrb2VsIGJsaWpmdA;0;1;0.0;0;0.0;0.0;0.0;hoofdkussen dat koel blijft;
;;;;;;;;;;;;;;;;
1958588682;18503452522;1,44812E+11;2,96456E+11;12.11.2023;5;verkoelend kussen;dmVya29lbGVuZCBrdXNzZW4;0;1;0.0;0;0.0;0.0;0.0;hoofdkussen dat koel blijft;
;;;;;;;;;;;;;;;;
1958588682;18503452522;1,44812E+11;2,9769E+11;12.11.2023;5;rolkussen 160 cm;cm9sa3Vzc2VuIDE2MCBjbQ;0;1;0.0;0;0.0;0.0;0.0;rolkussen kopen;
;;;;;;;;;;;;;;;;
1958588682;18503452522;1,44812E+11;2,977E+11;12.11.2023;5;latex kussen stinkt;bGF0ZXgga3Vzc2VuIHN0aW5rdA;0;1;0.0;0;0.0;0.0;0.0;latex hoofdkussen;
;;;;;;;;;;;;;;;;
1958588682;18503452522;1,44812E+11;2,98099E+11;12.11.2023;5;tv kijken in bed kussen;dHYga2lqa2VuIGluIGJlZCBrdXNzZW4;0;1;0.0;0;0.0;0.0;0.0;bed kussen;
;;;;;;;;;;;;;;;;
1958588682;18503452522;1,44812E+11;2,99328E+11;12.11.2023;5;10 in 1 contour pillow;MTAgaW4gMSBjb250b3VyIHBpbGxvdw;0;1;0.0;0;0.0;0.0;0.0;cervical contour pillows;
;;;;;;;;;;;;;;;;
1958588682;18503452522;1,44812E+11;2,99328E+11;12.11.2023;5;cervical pillow;Y2VydmljYWwgcGlsbG93;0;2;0.0;0;0.0;0.0;0.0;cervical contour pillows;
;;;;;;;;;;;;;;;;
1958588682;18503452522;1,44812E+11;2,99328E+11;12.11.2023;5;spine align pillow;c3BpbmUgYWxpZ24gcGlsbG93;0;1;0.0;0;0.0;0.0;0.0;cervical contour pillows;
;;;;;;;;;;;;;;;;
1958588682;18503452522;1,44812E+11;3,00739E+11;12.11.2023;5;van dijck dekbed;dmFuIGRpamNrIGRla2JlZA;0;1;0.0;0;0.0;0.0;0.0;dekbed dons;
;;;;;;;;;;;;;;;;
1958588682;18503452522;1,44812E+11;3,01307E+11;12.11.2023;5;beter bed dekbed;YmV0ZXIgYmVkIGRla2JlZA;0;1;0.0;0;0.0;0.0;0.0;dekbed ganzendons;
;;;;;;;;;;;;;;;;
1958588682;18503452522;1,44812E+11;3,01317E+11;12.11.2023;5;kussens op maat laten maken leenbakker;a3Vzc2VucyBvcCBtYWF0IGxhdGVuIG1ha2VuIGxlZW5iYWtrZXI;0;1;0.0;0;0.0;0.0;0.0;kussens online;
;;;;;;;;;;;;;;;;
1958588682;18503452522;1,44812E+11;3,02315E+11;12.11.2023;5;kussen voor lage rugpijn;a3Vzc2VuIHZvb3IgbGFnZSBydWdwaWpu;0;1;0.0;0;0.0;0.0;0.0;kussen bestellen;
;;;;;;;;;;;;;;;;
1958588682;18503452522;1,44812E+11;3,02315E+11;12.11.2023;5;maison du monde kussens;bWFpc29uIGR1IG1vbmRlIGt1c3NlbnM;0;1;0.0;0;0.0;0.0;0.0;kussen bestellen;
;;;;;;;;;;;;;;;;
1958588682;18503452522;1,44812E+11;3,02315E+11;12.11.2023;5;nijntje kussen xxl;bmlqbnRqZSBrdXNzZW4geHhs;0;1;0.0;0;0.0;0.0;0.0;kussen bestellen;
;;;;;;;;;;;;;;;;
1958588682;18503452522;1,44812E+11;3,03523E+11;12.11.2023;5;slaapkussen zijligging;c2xhYXBrdXNzZW4gemlqbGlnZ2luZw;0;1;0.0;0;0.0;0.0;0.0;zijslaapkussen;Cj0KCQiAjMKqBhCgARIsAPDgWlyvJtEPehfMohi87O7o7mvTdMzf_fvhNgQOdlvg720mC20lycT-TJkaAq9BEALw_wcB
;;;;;;;;;;;;;;;;
1958588682;18503452522;1,44812E+11;3,03523E+11;12.11.2023;2;zijslaapkussen;emlqc2xhYXBrdXNzZW4;1;8;0.0;370000;0.0;0.0;0.0;zijslaapkussen;Cj0KCQiAjMKqBhCgARIsAPDgWlyvJtEPehfMohi87O7o7mvTdMzf_fvhNgQOdlvg720mC20lycT-TJkaAq9BEALw_wcB
;;;;;;;;;;;;;;;;
1958588682;18503452522;1,44812E+11;3,05575E+11;12.11.2023;2;beste hoofdkussen;YmVzdGUgaG9vZmRrdXNzZW4;0;1;0.0;0;0.0;0.0;0.0;beste hoofdkussen;
;;;;;;;;;;;;;;;;
1958588682;18503452522;1,44812E+11;3,05575E+11;12.11.2023;5;dreamline luxe hoofdkussen;ZHJlYW1saW5lIGx1eGUgaG9vZmRrdXNzZW4;0;1;0.0;0;0.0;0.0;0.0;beste hoofdkussen;
;;;;;;;;;;;;;;;;
1958588682;18503452522;1,44812E+11;3,05575E+11;12.11.2023;5;hoofdkussens;aG9vZmRrdXNzZW5z;0;1;0.0;0;0.0;0.0;0.0;beste hoofdkussen;
;;;;;;;;;;;;;;;;
1958588682;18503452522;1,44812E+11;3,05575E+11;12.11.2023;5;jysk traagschuim kussen;anlzayB0cmFhZ3NjaHVpbSBrdXNzZW4;0;1;0.0;0;0.0;0.0;0.0;beste kussen voor nekklachten;Cj0KCQiAjMKqBhCgARIsAPDgWlxhhi_SHEbI8b9-RgEQPZ_yckBImYHFR9wTQFxJBaGxKlY1Nd2scMIaArNLEALw_wcB
;;;;;;;;;;;;;;;;
1958588682;18503452522;1,44812E+11;3,05575E+11;12.11.2023;5;kussen nekklachten hoofdpijn;a3Vzc2VuIG5la2tsYWNodGVuIGhvb2ZkcGlqbg;1;1;0.0;360000;0.0;0.0;0.0;beste kussen voor nekklachten;Cj0KCQiAjMKqBhCgARIsAPDgWlxhhi_SHEbI8b9-RgEQPZ_yckBImYHFR9wTQFxJBaGxKlY1Nd2scMIaArNLEALw_wcB
;;;;;;;;;;;;;;;;
1958588682;18503452522;1,44812E+11;3,05575E+11;12.11.2023;5;zwangerschapskussen;endhbmdlcnNjaGFwc2t1c3Nlbg;0;1;0.0;0;0.0;0.0;0.0;zwangerschapskussen kopen;
;;;;;;;;;;;;;;;;
1958588682;18503452522;1,44812E+11;3,05575E+11;12.11.2023;2;zwangerschapskussen kopen;endhbmdlcnNjaGFwc2t1c3NlbiBrb3Blbg;0;1;0.0;0;0.0;0.0;0.0;zwangerschapskussen kopen;
;;;;;;;;;;;;;;;;
1958588682;18503452522;1,44812E+11;3,086E+11;12.11.2023;2;nekrol kussen;bmVrcm9sIGt1c3Nlbg;0;3;0.0;0;0.0;0.0;0.0;nekrol kussen;
;;;;;;;;;;;;;;;;
1958588682;18503452522;1,44812E+11;3,086E+11;12.11.2023;5;nekrol kussen leenbakker;bmVrcm9sIGt1c3NlbiBsZWVuYmFra2Vy;0;1;0.0;0;0.0;0.0;0.0;nekrol kussen;
;;;;;;;;;;;;;;;;
1958588682;18503452522;1,44812E+11;3,13043E+11;12.11.2023;2;technogel kussen;dGVjaG5vZ2VsIGt1c3Nlbg;0;1;0.0;0;0.0;0.0;0.0;technogel kussen;
;;;;;;;;;;;;;;;;
1958588682;18503452522;1,44812E+11;3,13348E+11;12.11.2023;2;beste kussens;YmVzdGUga3Vzc2Vucw;0;1;0.0;0;0.0;0.0;0.0;beste kussens;
;;;;;;;;;;;;;;;;
1958588682;18503452522;1,44812E+11;3,13861E+11;12.11.2023;5;traagschuim hoofdkussen;dHJhYWdzY2h1aW0gaG9vZmRrdXNzZW4;2;1;0.0;740000;0.0;0.0;0.0;traagschuim kussens;Cj0KCQiAjMKqBhCgARIsAPDgWlxbdt4WRiA0gopu6MtDvOdiGMlf8q_jMxC0uZH5GGDAIBg1dZ1m-iAaAmrkEALw_wcB
;;;;;;;;;;;;;;;;
1958588682;18503452522;1,44812E+11;3,1486E+11;12.11.2023;5;memory foam or latex pillow;bWVtb3J5IGZvYW0gb3IgbGF0ZXggcGlsbG93;0;1;0.0;0;0.0;0.0;0.0;kussen memory foam;
;;;;;;;;;;;;;;;;
1958588682;18503452522;1,44812E+11;3,15859E+11;12.11.2023;5;cassenz hoofdkussen monaco;Y2Fzc2VueiBob29mZGt1c3NlbiBtb25hY28;0;2;0.0;0;0.0;0.0;0.0;cassenz monaco;
;;;;;;;;;;;;;;;;
1958588682;18503452522;1,44812E+11;3,15859E+11;12.11.2023;2;cassenz monaco;Y2Fzc2VueiBtb25hY28;0;2;0.0;0;0.0;0.0;0.0;cassenz monaco;
;;;;;;;;;;;;;;;;
1958588682;18503452522;1,44812E+11;3,15945E+11;12.11.2023;5;overtrek zijslaapkussen;b3ZlcnRyZWsgemlqc2xhYXBrdXNzZW4;0;2;0.0;0;0.0;0.0;0.0;kussensloop zijslaapkussen;
;;;;;;;;;;;;;;;;
1958588682;18503452522;1,44812E+11;3,15992E+11;12.11.2023;2;kussen tussen benen;a3Vzc2VuIHR1c3NlbiBiZW5lbg;0;1;0.0;0;0.0;0.0;0.0;kussen tussen benen;
;;;;;;;;;;;;;;;;
1958588682;18503452522;1,44812E+11;3,15992E+11;12.11.2023;5;kussen voor tussen de benen;a3Vzc2VuIHZvb3IgdHVzc2VuIGRlIGJlbmVu;0;2;0.0;0;0.0;0.0;0.0;kussen tussen benen;
;;;;;;;;;;;;;;;;
1958588682;18503452522;1,44812E+11;3,15992E+11;12.11.2023;5;rugpijn kussen tussen benen;cnVncGlqbiBrdXNzZW4gdHVzc2VuIGJlbmVu;0;1;0.0;0;0.0;0.0;0.0;kussen tussen benen;
;;;;;;;;;;;;;;;;
1958588682;18503452522;1,44812E+11;3,28672E+11;12.11.2023;2;nek kussen;bmVrIGt1c3Nlbg;1;1;0.0;370000;0.0;0.0;0.0;nek kussen;CjwKCAiA6byqBhAWEiwAnGCA4I5IN9V5H6ThDy2hmI8r1hCC1tSJTP2LphidtW8bvgtFcq8RUK-28BoCz_IQAvD_BwE
;;;;;;;;;;;;;;;;
1958588682;18503452522;1,44812E+11;3,51688E+11;12.11.2023;5;kussen klein;a3Vzc2VuIGtsZWlu;0;1;0.0;0;0.0;0.0;0.0;kussens kopen;
;;;;;;;;;;;;;;;;
1958588682;18503452522;1,44812E+11;3,56122E+11;12.11.2023;2;hoofdkussen zijslaper;aG9vZmRrdXNzZW4gemlqc2xhcGVy;1;1;0.0;370000;0.0;0.0;0.0;hoofdkussen zijslaper;EAIaIQobChMIoOTupda-ggMVwoZoCR1KkgXhEAAYAyAAEgJVqvD_BwE
;;;;;;;;;;;;;;;;
1958588682;18503452522;1,44812E+11;3,56122E+11;12.11.2023;5;kussen voor zijslapers;a3Vzc2VuIHZvb3Igemlqc2xhcGVycw;0;1;0.0;0;0.0;0.0;0.0;hoofdkussen zijslaper;EAIaIQobChMIoOTupda-ggMVwoZoCR1KkgXhEAAYAyAAEgJVqvD_BwE
;;;;;;;;;;;;;;;;
1958588682;18503452522;1,44812E+11;3,56297E+11;12.11.2023;5;zitkussens;eml0a3Vzc2Vucw;0;1;0.0;0;0.0;0.0;0.0;kussens bestellen online;
;;;;;;;;;;;;;;;;
1958588682;18503452522;1,44812E+11;3,68361E+11;12.11.2023;5;trulife relax gelcell;dHJ1bGlmZSByZWxheCBnZWxjZWxs;0;1;0.0;0;0.0;0.0;0.0;gel kussen;
;;;;;;;;;;;;;;;;
1958588682;18503452522;1,44812E+11;3,71116E+11;12.11.2023;5;warmte kussen;d2FybXRlIGt1c3Nlbg;0;1;0.0;0;0.0;0.0;0.0;warme kussens;
;;;;;;;;;;;;;;;;
1958588682;18503452522;1,44812E+11;3,72853E+11;12.11.2023;5;beter bed dekbed;YmV0ZXIgYmVkIGRla2JlZA;0;1;0.0;0;0.0;0.0;0.0;echt donzen dekbed;
;;;;;;;;;;;;;;;;
1958588682;18503452522;1,44812E+11;3,72853E+11;12.11.2023;5;van dijck dekbed;dmFuIGRpamNrIGRla2JlZA;0;1;0.0;0;0.0;0.0;0.0;echt donzen dekbed;
;;;;;;;;;;;;;;;;
1958588682;18503452522;1,44812E+11;3,78779E+11;12.11.2023;5;afmeting kussensloop;YWZtZXRpbmcga3Vzc2Vuc2xvb3A;0;1;0.0;0;0.0;0.0;0.0;standaard maat hoofdkussen;Cj0KCQiAjMKqBhCgARIsAPDgWlzVp-vH0m7Q5loIClNkpaysyOa_So5-lTfrJzxA25hSPkki2c-xTucaAqnWEALw_wcB
;;;;;;;;;;;;;;;;
1958588682;18503452522;1,44812E+11;3,78779E+11;12.11.2023;5;afmetingen hoofdkussen;YWZtZXRpbmdlbiBob29mZGt1c3Nlbg;0;1;0.0;0;0.0;0.0;0.0;standaard maat hoofdkussen;Cj0KCQiAjMKqBhCgARIsAPDgWlzVp-vH0m7Q5loIClNkpaysyOa_So5-lTfrJzxA25hSPkki2c-xTucaAqnWEALw_wcB
;;;;;;;;;;;;;;;;
1958588682;18503452522;1,44812E+11;3,78779E+11;12.11.2023;5;kussen 40x80;a3Vzc2VuIDQweDgw;0;1;0.0;0;0.0;0.0;0.0;standaard maat hoofdkussen;Cj0KCQiAjMKqBhCgARIsAPDgWlzVp-vH0m7Q5loIClNkpaysyOa_So5-lTfrJzxA25hSPkki2c-xTucaAqnWEALw_wcB
;;;;;;;;;;;;;;;;
1958588682;18503452522;1,44812E+11;3,78779E+11;12.11.2023;5;maat hoofdkussen;bWFhdCBob29mZGt1c3Nlbg;2;2;0.0;680000;0.0;0.0;0.0;standaard maat hoofdkussen;Cj0KCQiAjMKqBhCgARIsAPDgWlzVp-vH0m7Q5loIClNkpaysyOa_So5-lTfrJzxA25hSPkki2c-xTucaAqnWEALw_wcB
;;;;;;;;;;;;;;;;
1958588682;18503452522;1,44812E+11;3,78779E+11;12.11.2023;5;normaal formaat hoofdkussen;bm9ybWFhbCBmb3JtYWF0IGhvb2Zka3Vzc2Vu;0;1;0.0;0;0.0;0.0;0.0;standaard maat hoofdkussen;Cj0KCQiAjMKqBhCgARIsAPDgWlzVp-vH0m7Q5loIClNkpaysyOa_So5-lTfrJzxA25hSPkki2c-xTucaAqnWEALw_wcB
;;;;;;;;;;;;;;;;
1958588682;18503452522;1,44812E+11;3,78779E+11;12.11.2023;5;standaard hoofdkussen maat;c3RhbmRhYXJkIGhvb2Zka3Vzc2VuIG1hYXQ;0;1;0.0;0;0.0;0.0;0.0;standaard maat hoofdkussen;Cj0KCQiAjMKqBhCgARIsAPDgWlzVp-vH0m7Q5loIClNkpaysyOa_So5-lTfrJzxA25hSPkki2c-xTucaAqnWEALw_wcB
;;;;;;;;;;;;;;;;
1958588682;18503452522;1,44812E+11;3,78779E+11;12.11.2023;5;standaard kussen maat;c3RhbmRhYXJkIGt1c3NlbiBtYWF0;0;1;0.0;0;0.0;0.0;0.0;standaard maat hoofdkussen;Cj0KCQiAjMKqBhCgARIsAPDgWlzVp-vH0m7Q5loIClNkpaysyOa_So5-lTfrJzxA25hSPkki2c-xTucaAqnWEALw_wcB
;;;;;;;;;;;;;;;;
1958588682;18503452522;1,44812E+11;3,78779E+11;12.11.2023;5;standaard maat kussensloop;c3RhbmRhYXJkIG1hYXQga3Vzc2Vuc2xvb3A;0;1;0.0;0;0.0;0.0;0.0;standaard maat hoofdkussen;Cj0KCQiAjMKqBhCgARIsAPDgWlzVp-vH0m7Q5loIClNkpaysyOa_So5-lTfrJzxA25hSPkki2c-xTucaAqnWEALw_wcB
;;;;;;;;;;;;;;;;
1958588682;18503452522;1,44812E+11;3,83624E+11;12.11.2023;2;zijslaap kussen;emlqc2xhYXAga3Vzc2Vu;0;1;0.0;0;0.0;0.0;0.0;zijslaap kussen;
;;;;;;;;;;;;;;;;
1958588682;18503452522;1,44812E+11;4,35891E+11;12.11.2023;2;molton voor kussen;bW9sdG9uIHZvb3Iga3Vzc2Vu;0;1;0.0;0;0.0;0.0;0.0;molton voor kussen;
;;;;;;;;;;;;;;;;
1958588682;18503452522;1,44812E+11;4,36996E+11;12.11.2023;2;tencel kussen;dGVuY2VsIGt1c3Nlbg;0;2;0.0;0;0.0;0.0;0.0;tencel kussen;
;;;;;;;;;;;;;;;;
1958588682;18503452522;1,44812E+11;4,36996E+11;12.11.2023;5;tencel watergel kussen;dGVuY2VsIHdhdGVyZ2VsIGt1c3Nlbg;0;2;0.0;0;0.0;0.0;0.0;tencel kussen;
;;;;;;;;;;;;;;;;
1958588682;18503452522;1,44812E+11;4,89626E+11;12.11.2023;5;body pillow;Ym9keSBwaWxsb3c;0;2;0.0;0;0.0;0.0;0.0;bamboo body pillow;
;;;;;;;;;;;;;;;;
1958588682;18503452522;1,44812E+11;8,85332E+11;12.11.2023;5;afmeting kussensloop;YWZtZXRpbmcga3Vzc2Vuc2xvb3A;0;1;0.0;0;0.0;0.0;0.0;kussensloop hoofdkussen;
;;;;;;;;;;;;;;;;
1958588682;18503452522;1,44812E+11;1,36774E+12;12.11.2023;2;beste latex hoofdkussen;YmVzdGUgbGF0ZXggaG9vZmRrdXNzZW4;0;4;0.0;0;0.0;0.0;0.0;beste latex hoofdkussen;
;;;;;;;;;;;;;;;;
1958588682;18503452522;1,44812E+11;1,36774E+12;12.11.2023;5;hoofdkussen latex;aG9vZmRrdXNzZW4gbGF0ZXg;0;1;0.0;0;0.0;0.0;0.0;beste latex hoofdkussen;
;;;;;;;;;;;;;;;;
1958588682;18503452522;1,44812E+11;1,36774E+12;12.11.2023;5;latex kussen;bGF0ZXgga3Vzc2Vu;0;1;0.0;0;0.0;0.0;0.0;beste latex hoofdkussen;
;;;;;;;;;;;;;;;;
1958588682;18661546486;1,46251E+11;73748220;12.11.2023;2;big bass;YmlnIGJhc3M;0;12;0.0;0;0.0;0.0;0.0;big bass;
;;;;;;;;;;;;;;;;
1958588682;18661546486;1,46251E+11;101228757;12.11.2023;2;slots uk;c2xvdHMgdWs;0;2;0.0;0;0.0;0.0;0.0;slots uk;
;;;;;;;;;;;;;;;;
1958588682;18661546486;1,46251E+11;145861463;12.11.2023;5;thia flower;dGhpYSBmbG93ZXI;0;1;0.0;0;0.0;0.0;0.0;thai flower;
;;;;;;;;;;;;;;;;
1958588682;18661546486;1,46251E+11;314378089;12.11.2023;2;new slots;bmV3IHNsb3Rz;0;3;0.0;0;0.0;0.0;0.0;new slots;
;;;;;;;;;;;;;;;;
1958588682;18661546486;1,46251E+11;314378089;12.11.2023;5;slots new;c2xvdHMgbmV3;0;1;0.0;0;0.0;0.0;0.0;new slots;
;;;;;;;;;;;;;;;;
1958588682;18661546486;1,46251E+11;423404028;12.11.2023;2;reel king;cmVlbCBraW5n;0;1;0.0;0;0.0;0.0;0.0;reel king;
;;;;;;;;;;;;;;;;
1958588682;18661546486;1,46251E+11;423404028;12.11.2023;5;reelking;cmVlbGtpbmc;0;1;0.0;0;0.0;0.0;0.0;reel king;
;;;;;;;;;;;;;;;;
1958588682;18661546486;1,46251E+11;423404028;12.11.2023;5;the reel king;dGhlIHJlZWwga2luZw;0;1;0.0;0;0.0;0.0;0.0;reel king;
;;;;;;;;;;;;;;;;
1958588682;18661546486;1,46251E+11;530646165;12.11.2023;2;lucky leprechaun;bHVja3kgbGVwcmVjaGF1bg;0;5;0.0;0;0.0;0.0;0.0;lucky leprechaun;
;;;;;;;;;;;;;;;;
1958588682;18661546486;1,46251E+11;2404325752;12.11.2023;5;america deal or no deal;YW1lcmljYSBkZWFsIG9yIG5vIGRlYWw;0;1;0.0;0;0.0;0.0;0.0;deal or no deal slots;EAIaIQobChMIlbrM6fC-ggMVk-rtCh1oxQqTEAAYASABEgLclPD_BwE
;;;;;;;;;;;;;;;;
1958588682;18661546486;1,46251E+11;2404325752;12.11.2023;5;deal or ne deal game;ZGVhbCBvciBuZSBkZWFsIGdhbWU;0;1;0.0;0;0.0;0.0;0.0;deal or no deal slots;EAIaIQobChMIlbrM6fC-ggMVk-rtCh1oxQqTEAAYASABEgLclPD_BwE
;;;;;;;;;;;;;;;;
1958588682;18661546486;1,46251E+11;2404325752;12.11.2023;5;deal or no deal banker's bonanza;ZGVhbCBvciBubyBkZWFsIGJhbmtlcidzIGJvbmFuemE;0;1;0.0;0;0.0;0.0;0.0;deal or no deal slots;EAIaIQobChMIlbrM6fC-ggMVk-rtCh1oxQqTEAAYASABEgLclPD_BwE
;;;;;;;;;;;;;;;;
1958588682;18661546486;1,46251E+11;2404325752;12.11.2023;5;deal or no deal game;ZGVhbCBvciBubyBkZWFsIGdhbWU;2;15;0.0;6250000;0.0;0.0;0.0;deal or no deal slots;EAIaIQobChMIlbrM6fC-ggMVk-rtCh1oxQqTEAAYASABEgLclPD_BwE
;;;;;;;;;;;;;;;;
1958588682;18661546486;1,46251E+11;2404325752;12.11.2023;5;deal or no deal game real money;ZGVhbCBvciBubyBkZWFsIGdhbWUgcmVhbCBtb25leQ;1;1;0.0;3992000;0.0;0.0;0.0;deal or no deal slots;EAIaIQobChMIlbrM6fC-ggMVk-rtCh1oxQqTEAAYASABEgLclPD_BwE
;;;;;;;;;;;;;;;;
1958588682;18661546486;1,46251E+11;2404325752;12.11.2023;5;deal or no deal mini game;ZGVhbCBvciBubyBkZWFsIG1pbmkgZ2FtZQ;0;3;0.0;0;0.0;0.0;0.0;deal or no deal slots;EAIaIQobChMIlbrM6fC-ggMVk-rtCh1oxQqTEAAYASABEgLclPD_BwE
;;;;;;;;;;;;;;;;
1958588682;18661546486;1,46251E+11;2404325752;12.11.2023;5;deal or no deal online;ZGVhbCBvciBubyBkZWFsIG9ubGluZQ;0;1;0.0;0;0.0;0.0;0.0;deal or no deal slots;EAIaIQobChMIlbrM6fC-ggMVk-rtCh1oxQqTEAAYASABEgLclPD_BwE
;;;;;;;;;;;;;;;;
1958588682;18661546486;1,46251E+11;2404325752;12.11.2023;5;deal or no deal slingo;ZGVhbCBvciBubyBkZWFsIHNsaW5nbw;2;1;0.0;29320000;0.0;0.0;0.0;deal or no deal slots;EAIaIQobChMIlbrM6fC-ggMVk-rtCh1oxQqTEAAYASABEgLclPD_BwE
;;;;;;;;;;;;;;;;
1958588682;18661546486;1,46251E+11;2404325752;12.11.2023;2;deal or no deal slots;ZGVhbCBvciBubyBkZWFsIHNsb3Rz;0;2;0.0;0;0.0;0.0;0.0;deal or no deal slots;EAIaIQobChMIlbrM6fC-ggMVk-rtCh1oxQqTEAAYASABEgLclPD_BwE
;;;;;;;;;;;;;;;;
1958588682;18661546486;1,46251E+11;2404325752;12.11.2023;5;deal or no deal website;ZGVhbCBvciBubyBkZWFsIHdlYnNpdGU;0;5;0.0;0;0.0;0.0;0.0;deal or no deal slots;EAIaIQobChMIlbrM6fC-ggMVk-rtCh1oxQqTEAAYASABEgLclPD_BwE
;;;;;;;;;;;;;;;;
1958588682;18661546486;1,46251E+11;2404325752;12.11.2023;3;dealornodeal co uk;ZGVhbG9ybm9kZWFsIGNvIHVr;0;3;0.0;0;0.0;0.0;0.0;deal or no deal slots;EAIaIQobChMIlbrM6fC-ggMVk-rtCh1oxQqTEAAYASABEgLclPD_BwE
;;;;;;;;;;;;;;;;
1958588682;18661546486;1,46251E+11;2404325752;12.11.2023;5;desl or no deal;ZGVzbCBvciBubyBkZWFs;0;1;0.0;0;0.0;0.0;0.0;deal or no deal slots;EAIaIQobChMIlbrM6fC-ggMVk-rtCh1oxQqTEAAYASABEgLclPD_BwE
;;;;;;;;;;;;;;;;
1958588682;18661546486;1,46251E+11;8883510871;12.11.2023;5;rainbowri;cmFpbmJvd3Jp;0;1;0.0;0;0.0;0.0;0.0;play rainbow riches online;
;;;;;;;;;;;;;;;;
1958588682;18661546486;1,46251E+11;9038363521;12.11.2023;2;play rainbow riches;cGxheSByYWluYm93IHJpY2hlcw;0;8;0.0;0;0.0;0.0;0.0;play rainbow riches;EAIaIQobChMItsGftru_ggMVT-vtCh36TQhwEAAYASAAEgIQPfD_BwE
;;;;;;;;;;;;;;;;
1958588682;18661546486;1,46251E+11;10937562778;12.11.2023;2;golden catch;Z29sZGVuIGNhdGNo;0;3;0.0;0;0.0;0.0;0.0;golden catch;
;;;;;;;;;;;;;;;;
1958588682;18661546486;1,46251E+11;20363209049;12.11.2023;5;luck of the leprechaun;bHVjayBvZiB0aGUgbGVwcmVjaGF1bg;0;1;0.0;0;0.0;0.0;0.0;leprechauns luck;
;;;;;;;;;;;;;;;;
1958588682;18661546486;1,46251E+11;56555030463;12.11.2023;2;genie jackpots;Z2VuaWUgamFja3BvdHM;0;2;0.0;0;0.0;0.0;0.0;genie jackpots;
;;;;;;;;;;;;;;;;
1958588682;18661546486;1,46251E+11;56555030463;12.11.2023;5;genie jackpots big spin frenzy;Z2VuaWUgamFja3BvdHMgYmlnIHNwaW4gZnJlbnp5;0;1;0.0;0;0.0;0.0;0.0;genie jackpots;
;;;;;;;;;;;;;;;;
1958588682;18661546486;1,46251E+11;56555030463;12.11.2023;5;genie jackpots bonus;Z2VuaWUgamFja3BvdHMgYm9udXM;0;1;0.0;0;0.0;0.0;0.0;genie jackpots;
;;;;;;;;;;;;;;;;
1958588682;18661546486;1,46251E+11;95751112173;12.11.2023;2;rainbow riches pick n mix;cmFpbmJvdyByaWNoZXMgcGljayBuIG1peA;0;6;0.0;0;0.0;0.0;0.0;rainbow riches pick n mix;
;;;;;;;;;;;;;;;;
1958588682;18661546486;1,46251E+11;2,91827E+11;12.11.2023;2;super hot fruits;c3VwZXIgaG90IGZydWl0cw;0;3;0.0;0;0.0;0.0;0.0;super hot fruits;
;;;;;;;;;;;;;;;;
1958588682;18661546486;1,46251E+11;2,95153E+11;12.11.2023;2;eye of horus slots;ZXllIG9mIGhvcnVzIHNsb3Rz;0;1;0.0;0;0.0;0.0;0.0;eye of horus slots;EAIaIQobChMIxcq3n7C9ggMVuIBQBh1W1gmSEAAYASAAEgI7KfD_BwE
;;;;;;;;;;;;;;;;
1958588682;18661546486;1,46251E+11;2,95153E+11;12.11.2023;5;eye of horus uk;ZXllIG9mIGhvcnVzIHVr;1;1;0.0;13180000;0.0;0.0;0.0;eye of horus slots;EAIaIQobChMIxcq3n7C9ggMVuIBQBh1W1gmSEAAYASAAEgI7KfD_BwE
;;;;;;;;;;;;;;;;
1958588682;18661546486;1,46251E+11;2,95153E+11;12.11.2023;5;eye of the horus;ZXllIG9mIHRoZSBob3J1cw;0;1;0.0;0;0.0;0.0;0.0;eye of horus slots;EAIaIQobChMIxcq3n7C9ggMVuIBQBh1W1gmSEAAYASAAEgI7KfD_BwE
;;;;;;;;;;;;;;;;
1958588682;18661546486;1,46251E+11;2,95153E+11;12.11.2023;5;eyes of horus;ZXllcyBvZiBob3J1cw;0;1;0.0;0;0.0;0.0;0.0;eye of horus slots;EAIaIQobChMIxcq3n7C9ggMVuIBQBh1W1gmSEAAYASAAEgI7KfD_BwE
;;;;;;;;;;;;;;;;
1958588682;18661546486;1,46251E+11;2,96318E+11;12.11.2023;2;fluffy favourites;Zmx1ZmZ5IGZhdm91cml0ZXM;1;19;0.0;9230000;0.0;0.0;0.0;fluffy favourites;EAIaIQobChMIj9iAl8G9ggMVzODtCh1vzgCIEAAYASAAEgIumvD_BwE
;;;;;;;;;;;;;;;;
1958588682;18661546486;1,46251E+11;2,96318E+11;12.11.2023;5;fluffy games;Zmx1ZmZ5IGdhbWVz;0;1;0.0;0;0.0;0.0;0.0;fluffy favourites slot;
;;;;;;;;;;;;;;;;
1958588682;18661546486;1,46251E+11;2,96475E+11;12.11.2023;5;da vinci diamonds;ZGEgdmluY2kgZGlhbW9uZHM;0;1;0.0;0;0.0;0.0;0.0;play davinci diamonds;
;;;;;;;;;;;;;;;;
1958588682;18661546486;1,46251E+11;2,96475E+11;12.11.2023;5;davinci slots;ZGF2aW5jaSBzbG90cw;0;1;0.0;0;0.0;0.0;0.0;play davinci diamonds;
;;;;;;;;;;;;;;;;
1958588682;18661546486;1,46251E+11;2,96754E+11;12.11.2023;5;fluffy favourite;Zmx1ZmZ5IGZhdm91cml0ZQ;0;1;0.0;0;0.0;0.0;0.0;fluffy favourites sites;
;;;;;;;;;;;;;;;;
1958588682;18661546486;1,46251E+11;2,96896E+11;12.11.2023;5;slots and games;c2xvdHMgYW5kIGdhbWVz;0;1;0.0;0;0.0;0.0;0.0;best paying slots;
;;;;;;;;;;;;;;;;
1958588682;18661546486;1,46251E+11;2,9721E+11;12.11.2023;2;fluffy too;Zmx1ZmZ5IHRvbw;0;2;0.0;0;0.0;0.0;0.0;fluffy too;
;;;;;;;;;;;;;;;;
1958588682;18661546486;1,46251E+11;2,97501E+11;12.11.2023;2;wolf gold;d29sZiBnb2xk;1;1;0.0;10990000;0.0;0.0;0.0;wolf gold;EAIaIQobChMIpb6h_vO-ggMVEweLCh3y9wOjEAAYASAAEgLYr_D_BwE
;;;;;;;;;;;;;;;;
1958588682;18661546486;1,46251E+11;2,97551E+11;12.11.2023;5;slingo starburst;c2xpbmdvIHN0YXJidXJzdA;0;1;0.0;0;0.0;0.0;0.0;play starburst;Cj0KCQiAjMKqBhCgARIsAPDgWlz8lUn7w2qEueP_xwlWIaWMdwLiQiWmr9dUZevLvnLaunrEICm2b3caAja3EALw_wcB
;;;;;;;;;;;;;;;;
1958588682;18661546486;1,46251E+11;2,97551E+11;12.11.2023;5;starburst game;c3RhcmJ1cnN0IGdhbWU;1;2;0.0;10240000;0.0;0.0;0.0;play starburst;Cj0KCQiAjMKqBhCgARIsAPDgWlz8lUn7w2qEueP_xwlWIaWMdwLiQiWmr9dUZevLvnLaunrEICm2b3caAja3EALw_wcB
;;;;;;;;;;;;;;;;
1958588682;18661546486;1,46251E+11;2,97591E+11;12.11.2023;2;best payout slots;YmVzdCBwYXlvdXQgc2xvdHM;0;2;0.0;0;0.0;0.0;0.0;best payout slots;EAIaIQobChMI5vLmz7O_ggMV1_ftCh2AmgioEAMYASAAEgIS7_D_BwE
;;;;;;;;;;;;;;;;
1958588682;18661546486;1,46251E+11;2,97591E+11;12.11.2023;5;best slots deals;YmVzdCBzbG90cyBkZWFscw;0;1;0.0;0;0.0;0.0;0.0;best payout slots;EAIaIQobChMI5vLmz7O_ggMV1_ftCh2AmgioEAMYASAAEgIS7_D_BwE
;;;;;;;;;;;;;;;;
1958588682;18661546486;1,46251E+11;2,97591E+11;12.11.2023;5;hot slots;aG90IHNsb3Rz;0;1;0.0;0;0.0;0.0;0.0;best payout slots;EAIaIQobChMI5vLmz7O_ggMV1_ftCh2AmgioEAMYASAAEgIS7_D_BwE
;;;;;;;;;;;;;;;;
1958588682;18661546486;1,46251E+11;2,97591E+11;12.11.2023;5;slots deals;c2xvdHMgZGVhbHM;0;1;0.0;0;0.0;0.0;0.0;best payout slots;EAIaIQobChMI5vLmz7O_ggMV1_ftCh2AmgioEAMYASAAEgIS7_D_BwE
;;;;;;;;;;;;;;;;
1958588682;18661546486;1,46251E+11;2,97591E+11;12.11.2023;5;slots promotions;c2xvdHMgcHJvbW90aW9ucw;0;2;0.0;0;0.0;0.0;0.0;best payout slots;EAIaIQobChMI5vLmz7O_ggMV1_ftCh2AmgioEAMYASAAEgIS7_D_BwE
;;;;;;;;;;;;;;;;
1958588682;18661546486;1,46251E+11;2,97591E+11;12.11.2023;5;vegas online slots;dmVnYXMgb25saW5lIHNsb3Rz;0;1;0.0;0;0.0;0.0;0.0;best payout slots;EAIaIQobChMI5vLmz7O_ggMV1_ftCh2AmgioEAMYASAAEgIS7_D_BwE
;;;;;;;;;;;;;;;;
1958588682;18661546486;1,46251E+11;2,98198E+11;12.11.2023;5;irish eyes slots;aXJpc2ggZXllcyBzbG90cw;0;2;0.0;0;0.0;0.0;0.0;luck of the irish slot;
;;;;;;;;;;;;;;;;
1958588682;18661546486;1,46251E+11;2,98198E+11;12.11.2023;2;irish slots;aXJpc2ggc2xvdHM;0;4;0.0;0;0.0;0.0;0.0;luck of the irish slot;
;;;;;;;;;;;;;;;;
1958588682;18661546486;1,46251E+11;2,98198E+11;12.11.2023;5;online slots ireland;b25saW5lIHNsb3RzIGlyZWxhbmQ;0;1;0.0;0;0.0;0.0;0.0;luck of the irish slot;
;;;;;;;;;;;;;;;;
1958588682;18661546486;1,46251E+11;2,9873E+11;12.11.2023;2;big bass splash;YmlnIGJhc3Mgc3BsYXNo;3;34;0.0;39080000;0.0;0.0;0.0;big bass splash;Cj0KCQiAjMKqBhCgARIsAPDgWlyOpUFeiVG4GqMjOx3i-jt9uR8HM-Czw_ietP-b_C6iS_RJXSxDHTEaAl01EALw_wcB
;;;;;;;;;;;;;;;;
1958588682;18661546486;1,46251E+11;3,00112E+11;12.11.2023;2;book of dead;Ym9vayBvZiBkZWFk;0;4;0.0;0;0.0;0.0;0.0;book of dead;
;;;;;;;;;;;;;;;;
1958588682;18661546486;1,46251E+11;3,00764E+11;12.11.2023;2;play book of dead;cGxheSBib29rIG9mIGRlYWQ;0;2;0.0;0;0.0;0.0;0.0;play book of dead;
;;;;;;;;;;;;;;;;
1958588682;18661546486;1,46251E+11;3,01014E+11;12.11.2023;2;legacy of dead;bGVnYWN5IG9mIGRlYWQ;0;1;0.0;0;0.0;0.0;0.0;book of dead slot uk;
;;;;;;;;;;;;;;;;
1958588682;18661546486;1,46251E+11;3,02321E+11;12.11.2023;5;irishspins;aXJpc2hzcGlucw;0;1;0.0;0;0.0;0.0;0.0;luck of the irish fortune spins;EAIaIQobChMIn_XppbK_ggMVfo1QBh34bw4uEAAYASAAEgIXjfD_BwE
;;;;;;;;;;;;;;;;
1958588682;18661546486;1,46251E+11;3,02321E+11;12.11.2023;2;luck of the irish fortune spins;bHVjayBvZiB0aGUgaXJpc2ggZm9ydHVuZSBzcGlucw;1;1;0.0;6450000;0.0;0.0;0.0;luck of the irish fortune spins;EAIaIQobChMIn_XppbK_ggMVfo1QBh34bw4uEAAYASAAEgIXjfD_BwE
;;;;;;;;;;;;;;;;
1958588682;18661546486;1,46251E+11;3,0627E+11;12.11.2023;5;deal or no deal online;ZGVhbCBvciBubyBkZWFsIG9ubGluZQ;0;2;0.0;0;0.0;0.0;0.0;play deal or no deal online;
;;;;;;;;;;;;;;;;
1958588682;18661546486;1,46251E+11;3,0627E+11;12.11.2023;2;play deal or no deal online;cGxheSBkZWFsIG9yIG5vIGRlYWwgb25saW5l;0;1;0.0;0;0.0;0.0;0.0;play deal or no deal online;
;;;;;;;;;;;;;;;;
1958588682;18661546486;1,46251E+11;3,0627E+11;12.11.2023;5;play deal or no deal online uk;cGxheSBkZWFsIG9yIG5vIGRlYWwgb25saW5lIHVr;0;2;0.0;0;0.0;0.0;0.0;play deal or no deal online;
;;;;;;;;;;;;;;;;
1958588682;18661546486;1,46251E+11;3,09443E+11;12.11.2023;2;fruit party;ZnJ1aXQgcGFydHk;0;4;0.0;0;0.0;0.0;0.0;fruit party slot;
;;;;;;;;;;;;;;;;
1958588682;18661546486;1,46251E+11;3,13906E+11;12.11.2023;5;davinci diamonds;ZGF2aW5jaSBkaWFtb25kcw;0;2;0.0;0;0.0;0.0;0.0;davinci diamonds slot;
;;;;;;;;;;;;;;;;
1958588682;18661546486;1,46251E+11;3,13906E+11;12.11.2023;5;double da vinci diamonds;ZG91YmxlIGRhIHZpbmNpIGRpYW1vbmRz;0;1;0.0;0;0.0;0.0;0.0;davinci diamonds slot;
;;;;;;;;;;;;;;;;
1958588682;18661546486;1,46251E+11;3,13906E+11;12.11.2023;5;best high roller slots;YmVzdCBoaWdoIHJvbGxlciBzbG90cw;0;1;0.0;0;0.0;0.0;0.0;highest paying slots;EAIaIQobChMI-77JhOi9ggMVnIFQBh2HzwAqEAAYBCAAEgLl0vD_BwE
;;;;;;;;;;;;;;;;
1958588682;18661546486;1,46251E+11;3,13906E+11;12.11.2023;5;best online slots game;YmVzdCBvbmxpbmUgc2xvdHMgZ2FtZQ;1;1;0.0;6170000;0.0;0.0;0.0;highest paying slots;EAIaIQobChMI-77JhOi9ggMVnIFQBh2HzwAqEAAYBCAAEgLl0vD_BwE
;;;;;;;;;;;;;;;;
1958588682;18661546486;1,46251E+11;3,13906E+11;12.11.2023;5;best online slots offers;YmVzdCBvbmxpbmUgc2xvdHMgb2ZmZXJz;0;1;0.0;0;0.0;0.0;0.0;highest paying slots;EAIaIQobChMI-77JhOi9ggMVnIFQBh2HzwAqEAAYBCAAEgLl0vD_BwE
;;;;;;;;;;;;;;;;
1958588682;18661546486;1,46251E+11;3,13906E+11;12.11.2023;5;best sign up offers slots;YmVzdCBzaWduIHVwIG9mZmVycyBzbG90cw;0;1;0.0;0;0.0;0.0;0.0;highest paying slots;EAIaIQobChMI-77JhOi9ggMVnIFQBh2HzwAqEAAYBCAAEgLl0vD_BwE
;;;;;;;;;;;;;;;;
1958588682;18661546486;1,46251E+11;3,13906E+11;12.11.2023;5;play games for real money;cGxheSBnYW1lcyBmb3IgcmVhbCBtb25leQ;0;1;0.0;0;0.0;0.0;0.0;highest paying slots;EAIaIQobChMI-77JhOi9ggMVnIFQBh2HzwAqEAAYBCAAEgLl0vD_BwE
;;;;;;;;;;;;;;;;
1958588682;18661546486;1,46251E+11;3,13906E+11;12.11.2023;2;pragmatic games;cHJhZ21hdGljIGdhbWVz;0;1;0.0;0;0.0;0.0;0.0;highest paying slots;EAIaIQobChMI-77JhOi9ggMVnIFQBh2HzwAqEAAYBCAAEgLl0vD_BwE
;;;;;;;;;;;;;;;;
1958588682;18661546486;1,46251E+11;3,13906E+11;12.11.2023;5;slots and play;c2xvdHMgYW5kIHBsYXk;0;1;0.0;0;0.0;0.0;0.0;highest paying slots;EAIaIQobChMI-77JhOi9ggMVnIFQBh2HzwAqEAAYBCAAEgLl0vD_BwE
;;;;;;;;;;;;;;;;
1958588682;18661546486;1,46251E+11;3,13906E+11;12.11.2023;5;slots games online;c2xvdHMgZ2FtZXMgb25saW5l;0;1;0.0;0;0.0;0.0;0.0;highest paying slots;EAIaIQobChMI-77JhOi9ggMVnIFQBh2HzwAqEAAYBCAAEgLl0vD_BwE
;;;;;;;;;;;;;;;;
1958588682;18661546486;1,46251E+11;3,13906E+11;12.11.2023;5;slots pay by phone;c2xvdHMgcGF5IGJ5IHBob25l;0;2;0.0;0;0.0;0.0;0.0;highest paying slots;EAIaIQobChMI-77JhOi9ggMVnIFQBh2HzwAqEAAYBCAAEgLl0vD_BwE
;;;;;;;;;;;;;;;;
1958588682;18661546486;1,46251E+11;3,13906E+11;12.11.2023;5;slots t;c2xvdHMgdA;0;1;0.0;0;0.0;0.0;0.0;highest paying slots;EAIaIQobChMI-77JhOi9ggMVnIFQBh2HzwAqEAAYBCAAEgLl0vD_BwE
;;;;;;;;;;;;;;;;
1958588682;18661546486;1,46251E+11;3,13906E+11;12.11.2023;5;slots website;c2xvdHMgd2Vic2l0ZQ;0;1;0.0;0;0.0;0.0;0.0;highest paying slots;EAIaIQobChMI-77JhOi9ggMVnIFQBh2HzwAqEAAYBCAAEgLl0vD_BwE
;;;;;;;;;;;;;;;;
1958588682;18661546486;1,46251E+11;3,13906E+11;12.11.2023;5;slots with bonus;c2xvdHMgd2l0aCBib251cw;0;1;0.0;0;0.0;0.0;0.0;highest paying slots;EAIaIQobChMI-77JhOi9ggMVnIFQBh2HzwAqEAAYBCAAEgLl0vD_BwE
;;;;;;;;;;;;;;;;
1958588682;18661546486;1,46251E+11;3,14393E+11;12.11.2023;2;chilli heat;Y2hpbGxpIGhlYXQ;0;1;0.0;0;0.0;0.0;0.0;chilli heat;
;;;;;;;;;;;;;;;;
1958588682;18661546486;1,46251E+11;3,14711E+11;12.11.2023;5;sugar rush game online;c3VnYXIgcnVzaCBnYW1lIG9ubGluZQ;0;1;0.0;0;0.0;0.0;0.0;sugar rush online game;
;;;;;;;;;;;;;;;;
1958588682;18661546486;1,46251E+11;3,15328E+11;12.11.2023;2;gold blitz;Z29sZCBibGl0eg;1;6;0.0;4500000;0.0;0.0;0.0;gold blitz;EAIaIQobChMI1-fs0Y-9ggMVNGHmCh3lHg2gEAAYASAAEgKS1PD_BwE
;;;;;;;;;;;;;;;;
1958588682;18661546486;1,46251E+11;3,16003E+11;12.11.2023;5;deal or no deal game;ZGVhbCBvciBubyBkZWFsIGdhbWU;0;1;0.0;0;0.0;0.0;0.0;deal or no deal online game;
;;;;;;;;;;;;;;;;
1958588682;18661546486;1,46251E+11;3,16003E+11;12.11.2023;2;deal or no deal online game;ZGVhbCBvciBubyBkZWFsIG9ubGluZSBnYW1l;0;1;0.0;0;0.0;0.0;0.0;deal or no deal online game;
;;;;;;;;;;;;;;;;
1958588682;18661546486;1,46251E+11;3,16003E+11;12.11.2023;5;deal or no deal play online;ZGVhbCBvciBubyBkZWFsIHBsYXkgb25saW5l;0;1;0.0;0;0.0;0.0;0.0;deal or no deal online game;
;;;;;;;;;;;;;;;;
1958588682;18661546486;1,46251E+11;3,16003E+11;12.11.2023;5;live deal or no deal game;bGl2ZSBkZWFsIG9yIG5vIGRlYWwgZ2FtZQ;0;1;0.0;0;0.0;0.0;0.0;deal or no deal online game;
;;;;;;;;;;;;;;;;
1958588682;18661546486;1,46251E+11;3,21405E+11;12.11.2023;2;hot fiesta;aG90IGZpZXN0YQ;0;1;0.0;0;0.0;0.0;0.0;hot fiesta;
;;;;;;;;;;;;;;;;
1958588682;18661546486;1,46251E+11;3,21405E+11;12.11.2023;5;hotfiesta;aG90Zmllc3Rh;0;1;0.0;0;0.0;0.0;0.0;hot fiesta;
;;;;;;;;;;;;;;;;
1958588682;18661546486;1,46251E+11;3,21418E+11;12.11.2023;2;king kong cash;a2luZyBrb25nIGNhc2g;0;4;0.0;0;0.0;0.0;0.0;king kong cash;
;;;;;;;;;;;;;;;;
1958588682;18661546486;1,46251E+11;3,21472E+11;12.11.2023;5;kingcasinobonus;a2luZ2Nhc2lub2JvbnVz;0;1;0.0;0;0.0;0.0;0.0;play king kong cash;
;;;;;;;;;;;;;;;;
1958588682;18661546486;1,46251E+11;3,21472E+11;12.11.2023;5;kong slots;a29uZyBzbG90cw;0;1;0.0;0;0.0;0.0;0.0;play king kong cash;
;;;;;;;;;;;;;;;;
1958588682;18661546486;1,46251E+11;3,27166E+11;12.11.2023;2;gates of olympus;Z2F0ZXMgb2Ygb2x5bXB1cw;2;20;0.0;19010000;0.0;0.0;0.0;gates of olympus;EAIaIQobChMI9IiVy_e-ggMVSeTtCh0lPwYxEAAYASAAEgKBS_D_BwE
;;;;;;;;;;;;;;;;
1958588682;18661546486;1,46251E+11;3,2735E+11;12.11.2023;2;rainbow riches reels of gold;cmFpbmJvdyByaWNoZXMgcmVlbHMgb2YgZ29sZA;0;6;0.0;0;0.0;0.0;0.0;rainbow riches reels of gold;
;;;;;;;;;;;;;;;;
1958588682;18661546486;1,46251E+11;3,31322E+11;12.11.2023;2;cash stax;Y2FzaCBzdGF4;0;3;0.0;0;0.0;0.0;0.0;cash stax;
;;;;;;;;;;;;;;;;
1958588682;18661546486;1,46251E+11;3,32111E+11;12.11.2023;5;slots garden;c2xvdHMgZ2FyZGVu;0;1;0.0;0;0.0;0.0;0.0;secret garden slots;
;;;;;;;;;;;;;;;;
1958588682;18661546486;1,46251E+11;3,323E+11;12.11.2023;5;rainbow riches gold pot;cmFpbmJvdyByaWNoZXMgZ29sZCBwb3Q;0;1;0.0;0;0.0;0.0;0.0;rainbow riches pots of gold;Cj0KCQiAjMKqBhCgARIsAPDgWlwOX1Y7jt7I9LXKyrKxjnv_ur2UMXv9F2jXgVRVNgAfCRaLnQFBPGcaAu08EALw_wcB
;;;;;;;;;;;;;;;;
1958588682;18661546486;1,46251E+11;3,323E+11;12.11.2023;2;rainbow riches pots of gold;cmFpbmJvdyByaWNoZXMgcG90cyBvZiBnb2xk;1;1;0.0;8130000;0.0;0.0;0.0;rainbow riches pots of gold;Cj0KCQiAjMKqBhCgARIsAPDgWlwOX1Y7jt7I9LXKyrKxjnv_ur2UMXv9F2jXgVRVNgAfCRaLnQFBPGcaAu08EALw_wcB
;;;;;;;;;;;;;;;;
1958588682;18661546486;1,46251E+11;3,33336E+11;12.11.2023;2;fish frenzy;ZmlzaCBmcmVuenk;0;1;0.0;0;0.0;0.0;0.0;fishin frenzy;EAIaIQobChMInZbx_JC9ggMVhdrtCh3gYAgiEAAYASAAEgIsAfD_BwE
;;;;;;;;;;;;;;;;
1958588682;18661546486;1,46251E+11;3,33336E+11;12.11.2023;2;fishin frenzy;ZmlzaGluIGZyZW56eQ;2;31;0.0;30920000;0.0;0.0;0.0;fishin frenzy;EAIaIQobChMInZbx_JC9ggMVhdrtCh3gYAgiEAAYASAAEgIsAfD_BwE
;;;;;;;;;;;;;;;;
1958588682;18661546486;1,46251E+11;3,34326E+11;12.11.2023;5;eyes of horus;ZXllcyBvZiBob3J1cw;0;1;0.0;0;0.0;0.0;0.0;eye of horus online;
;;;;;;;;;;;;;;;;
1958588682;18661546486;1,46251E+11;3,43793E+11;12.11.2023;5;best paying slots uk;YmVzdCBwYXlpbmcgc2xvdHMgdWs;0;1;0.0;0;0.0;0.0;0.0;best payout slots uk;EAIaIQobChMIoe-B8oi9ggMVI5aDBx0m4gWCEAAYASABEgLetfD_BwE
;;;;;;;;;;;;;;;;
1958588682;18661546486;1,46251E+11;3,43793E+11;12.11.2023;2;best payout slots uk;YmVzdCBwYXlvdXQgc2xvdHMgdWs;0;2;0.0;0;0.0;0.0;0.0;best payout slots uk;EAIaIQobChMIoe-B8oi9ggMVI5aDBx0m4gWCEAAYASABEgLetfD_BwE
;;;;;;;;;;;;;;;;
1958588682;18661546486;1,46251E+11;3,43793E+11;12.11.2023;5;best slots to play uk;YmVzdCBzbG90cyB0byBwbGF5IHVr;0;1;0.0;0;0.0;0.0;0.0;best payout slots uk;EAIaIQobChMIoe-B8oi9ggMVI5aDBx0m4gWCEAAYASABEgLetfD_BwE
;;;;;;;;;;;;;;;;
1958588682;18661546486;1,46251E+11;3,43793E+11;12.11.2023;5;best uk slots sites;YmVzdCB1ayBzbG90cyBzaXRlcw;1;1;0.0;7139126;0.0;0.0;0.0;best payout slots uk;EAIaIQobChMIoe-B8oi9ggMVI5aDBx0m4gWCEAAYASABEgLetfD_BwE
;;;;;;;;;;;;;;;;
1958588682;18661546486;1,46251E+11;3,43793E+11;12.11.2023;5;mega slots uk;bWVnYSBzbG90cyB1aw;0;2;0.0;0;0.0;0.0;0.0;best payout slots uk;EAIaIQobChMIoe-B8oi9ggMVI5aDBx0m4gWCEAAYASABEgLetfD_BwE
;;;;;;;;;;;;;;;;
1958588682;18661546486;1,46251E+11;3,43793E+11;12.11.2023;5;mobile slots uk;bW9iaWxlIHNsb3RzIHVr;0;1;0.0;0;0.0;0.0;0.0;best payout slots uk;EAIaIQobChMIoe-B8oi9ggMVI5aDBx0m4gWCEAAYASABEgLetfD_BwE
;;;;;;;;;;;;;;;;
1958588682;18661546486;1,46251E+11;3,43793E+11;12.11.2023;5;uk slots welcome bonus;dWsgc2xvdHMgd2VsY29tZSBib251cw;0;1;0.0;0;0.0;0.0;0.0;best payout slots uk;EAIaIQobChMIoe-B8oi9ggMVI5aDBx0m4gWCEAAYASABEgLetfD_BwE
;;;;;;;;;;;;;;;;
1958588682;18661546486;1,46251E+11;3,45018E+11;12.11.2023;5;luck o irish;bHVjayBvIGlyaXNo;0;1;0.0;0;0.0;0.0;0.0;play luck of the irish;EAIaIQobChMI7vqIuaW_ggMVQuTtCh0AMAwKEAAYASAAEgI9VfD_BwE
;;;;;;;;;;;;;;;;
1958588682;18661546486;1,46251E+11;3,45018E+11;12.11.2023;5;luck of the irish;bHVjayBvZiB0aGUgaXJpc2g;0;9;0.0;0;0.0;0.0;0.0;play luck of the irish;EAIaIQobChMI7vqIuaW_ggMVQuTtCh0AMAwKEAAYASAAEgI9VfD_BwE
;;;;;;;;;;;;;;;;
1958588682;18661546486;1,46251E+11;3,45018E+11;12.11.2023;5;the luck of the irish;dGhlIGx1Y2sgb2YgdGhlIGlyaXNo;0;3;0.0;0;0.0;0.0;0.0;play luck of the irish;EAIaIQobChMI7vqIuaW_ggMVQuTtCh0AMAwKEAAYASAAEgI9VfD_BwE
;;;;;;;;;;;;;;;;
1958588682;18661546486;1,46251E+11;3,47608E+11;12.11.2023;5;agent jane blonde;YWdlbnQgamFuZSBibG9uZGU;0;3;0.0;0;0.0;0.0;0.0;agent jane blonde slot;Cj0KCQiAjMKqBhCgARIsAPDgWlwLt16i7Dd29Q1QefyU48yIMeCMiLVJGdGuqOuzMOT5RSolMB1MDboaAjTrEALw_wcB
;;;;;;;;;;;;;;;;
1958588682;18661546486;1,46251E+11;3,50346E+11;12.11.2023;2;88 fortunes;ODggZm9ydHVuZXM;0;3;0.0;0;0.0;0.0;0.0;88 fortunes;
;;;;;;;;;;;;;;;;
1958588682;18661546486;1,46251E+11;3,57847E+11;12.11.2023;2;fishing frenzy;ZmlzaGluZyBmcmVuenk;0;3;0.0;0;0.0;0.0;0.0;fishing frenzy slot uk;
;;;;;;;;;;;;;;;;
1958588682;18661546486;1,46251E+11;3,59108E+11;12.11.2023;2;eye of horus game;ZXllIG9mIGhvcnVzIGdhbWU;1;5;0.0;10750000;0.0;0.0;0.0;eye of horus game;EAIaIQobChMIysy8_M--ggMVAcXtCh1dMgYCEAAYASAAEgLUN_D_BwE
;;;;;;;;;;;;;;;;
1958588682;18661546486;1,46251E+11;3,63953E+11;12.11.2023;5;pick n mix slots;cGljayBuIG1peCBzbG90cw;0;3;0.0;0;0.0;0.0;0.0;play rainbow riches pick and mix;EAIaIQobChMIxM6azdy9ggMVksPtCh0CtAnTEAAYASAAEgLG_PD_BwE
;;;;;;;;;;;;;;;;
1958588682;18661546486;1,46251E+11;3,63953E+11;12.11.2023;2;play rainbow riches pick and mix;cGxheSByYWluYm93IHJpY2hlcyBwaWNrIGFuZCBtaXg;1;1;0.0;9490000;0.0;0.0;0.0;play rainbow riches pick and mix;EAIaIQobChMIxM6azdy9ggMVksPtCh0CtAnTEAAYASAAEgLG_PD_BwE
;;;;;;;;;;;;;;;;
1958588682;18661546486;1,46251E+11;3,66611E+11;12.11.2023;2;buffalo king;YnVmZmFsbyBraW5n;0;1;0.0;0;0.0;0.0;0.0;buffalo king;
;;;;;;;;;;;;;;;;
1958588682;18661546486;1,46251E+11;3,79809E+11;12.11.2023;5;best online slots rtp;YmVzdCBvbmxpbmUgc2xvdHMgcnRw;0;1;0.0;0;0.0;0.0;0.0;high rtp slots uk;
;;;;;;;;;;;;;;;;
1958588682;18661546486;1,46251E+11;3,79809E+11;12.11.2023;5;best rtp games;YmVzdCBydHAgZ2FtZXM;0;1;0.0;0;0.0;0.0;0.0;high rtp slots uk;
;;;;;;;;;;;;;;;;
1958588682;18661546486;1,46251E+11;3,79809E+11;12.11.2023;5;games with highest rtp;Z2FtZXMgd2l0aCBoaWdoZXN0IHJ0cA;0;1;0.0;0;0.0;0.0;0.0;high rtp slots uk;
;;;;;;;;;;;;;;;;
1958588682;18661546486;1,46251E+11;3,79809E+11;12.11.2023;5;high rtp slots;aGlnaCBydHAgc2xvdHM;0;2;0.0;0;0.0;0.0;0.0;high rtp slots uk;
;;;;;;;;;;;;;;;;
1958588682;18661546486;1,46251E+11;3,85189E+11;12.11.2023;2;big bass bonanza;YmlnIGJhc3MgYm9uYW56YQ;1;51;1.0;11650000;11650000.0;30.0;0.0;big bass bonanza;EAIaIQobChMIkdXbpaO9ggMVTu3tCh0NkQIiEAAYAiAAEgKDlPD_BwE
;;;;;;;;;;;;;;;;
1958588682;18661546486;1,46251E+11;3,85189E+11;12.11.2023;5;big bass bonanza megaways;YmlnIGJhc3MgYm9uYW56YSBtZWdhd2F5cw;0;1;0.0;0;0.0;0.0;0.0;big bass bonanza;EAIaIQobChMIkdXbpaO9ggMVTu3tCh0NkQIiEAAYAiAAEgKDlPD_BwE
;;;;;;;;;;;;;;;;
1958588682;18661546486;1,46251E+11;3,85189E+11;12.11.2023;2;big bass bonanza xmas;YmlnIGJhc3MgYm9uYW56YSB4bWFz;1;1;0.0;2770000;0.0;0.0;0.0;big bass bonanza;EAIaIQobChMIkdXbpaO9ggMVTu3tCh0NkQIiEAAYAiAAEgKDlPD_BwE
;;;;;;;;;;;;;;;;
1958588682;18661546486;1,46251E+11;3,85189E+11;12.11.2023;5;big bass christmas;YmlnIGJhc3MgY2hyaXN0bWFz;0;4;0.0;0;0.0;0.0;0.0;big bass bonanza;EAIaIQobChMIkdXbpaO9ggMVTu3tCh0NkQIiEAAYAiAAEgKDlPD_BwE
;;;;;;;;;;;;;;;;
1958588682;18661546486;1,46251E+11;3,85189E+11;12.11.2023;5;big bass hold and spinner megaways;YmlnIGJhc3MgaG9sZCBhbmQgc3Bpbm5lciBtZWdhd2F5cw;0;1;0.0;0;0.0;0.0;0.0;big bass bonanza;EAIaIQobChMIkdXbpaO9ggMVTu3tCh0NkQIiEAAYAiAAEgKDlPD_BwE
;;;;;;;;;;;;;;;;
1958588682;18661546486;1,46251E+11;3,85189E+11;12.11.2023;5;bonanza megaways;Ym9uYW56YSBtZWdhd2F5cw;0;1;0.0;0;0.0;0.0;0.0;big bass bonanza;EAIaIQobChMIkdXbpaO9ggMVTu3tCh0NkQIiEAAYAiAAEgKDlPD_BwE
;;;;;;;;;;;;;;;;
1958588682;18661546486;1,46251E+11;3,85189E+11;12.11.2023;5;new big bass;bmV3IGJpZyBiYXNz;0;1;0.0;0;0.0;0.0;0.0;big bass bonanza;EAIaIQobChMIkdXbpaO9ggMVTu3tCh0NkQIiEAAYAiAAEgKDlPD_BwE
;;;;;;;;;;;;;;;;
1958588682;18661546486;1,46251E+11;3,9074E+11;12.11.2023;5;blueprint slots;Ymx1ZXByaW50IHNsb3Rz;0;2;0.0;0;0.0;0.0;0.0;best blueprint slots;
;;;;;;;;;;;;;;;;
1958588682;18661546486;1,46251E+11;3,9074E+11;12.11.2023;5;blueprint slots list;Ymx1ZXByaW50IHNsb3RzIGxpc3Q;0;1;0.0;0;0.0;0.0;0.0;best blueprint slots;
;;;;;;;;;;;;;;;;
1958588682;18661546486;1,46251E+11;4,01826E+11;12.11.2023;2;rainbow jackpots;cmFpbmJvdyBqYWNrcG90cw;0;7;0.0;0;0.0;0.0;0.0;rainbow jackpots;
;;;;;;;;;;;;;;;;
1958588682;18661546486;1,46251E+11;4,0514E+11;12.11.2023;2;play rainbow riches pots of gold;cGxheSByYWluYm93IHJpY2hlcyBwb3RzIG9mIGdvbGQ;1;1;0.0;2640000;0.0;0.0;0.0;play rainbow riches pots of gold;EAIaIQobChMI2uDvmf--ggMVnIBQBh3BgwweEAAYASAAEgIl_fD_BwE
;;;;;;;;;;;;;;;;
1958588682;18661546486;1,46251E+11;4,1506E+11;12.11.2023;5;big banker;YmlnIGJhbmtlcg;0;3;0.0;0;0.0;0.0;0.0;big top slot;
;;;;;;;;;;;;;;;;
1958588682;18661546486;1,46251E+11;4,1506E+11;12.11.2023;5;bigtopcasino;YmlndG9wY2FzaW5v;0;1;0.0;0;0.0;0.0;0.0;big top slot;
;;;;;;;;;;;;;;;;
1958588682;18661546486;1,46251E+11;4,22275E+11;12.11.2023;2;cash stax online;Y2FzaCBzdGF4IG9ubGluZQ;0;1;0.0;0;0.0;0.0;0.0;cash stax online;
;;;;;;;;;;;;;;;;
1958588682;18661546486;1,46251E+11;4,30715E+11;12.11.2023;2;fish frenzy;ZmlzaCBmcmVuenk;0;1;0.0;0;0.0;0.0;0.0;fishin frenzy slot;EAIaIQobChMIluXMwKi_ggMVwIuDBx0fmQf_EAAYASAAEgLNEPD_BwE
;;;;;;;;;;;;;;;;
1958588682;18661546486;1,46251E+11;4,30715E+11;12.11.2023;5;fishing frenzy game;ZmlzaGluZyBmcmVuenkgZ2FtZQ;0;1;0.0;0;0.0;0.0;0.0;fishin frenzy slot;EAIaIQobChMIluXMwKi_ggMVwIuDBx0fmQf_EAAYASAAEgLNEPD_BwE
;;;;;;;;;;;;;;;;
1958588682;18661546486;1,46251E+11;4,30715E+11;12.11.2023;2;fishing frenzy slots;ZmlzaGluZyBmcmVuenkgc2xvdHM;2;5;0.0;27730000;0.0;0.0;0.0;fishin frenzy slot;EAIaIQobChMIluXMwKi_ggMVwIuDBx0fmQf_EAAYASAAEgLNEPD_BwE
;;;;;;;;;;;;;;;;
1958588682;18661546486;1,46251E+11;4,30715E+11;12.11.2023;5;fish and frenzy;ZmlzaCBhbmQgZnJlbnp5;0;3;0.0;0;0.0;0.0;0.0;fishin frenzy slots;EAIaIQobChMIp9u85-6-ggMVoz8GAB2IcAB2EAAYASAAEgKuGPD_BwE
;;;;;;;;;;;;;;;;
1958588682;18661546486;1,46251E+11;4,30715E+11;12.11.2023;5;fish n frenzy;ZmlzaCBuIGZyZW56eQ;1;1;0.0;12880000;0.0;0.0;0.0;fishin frenzy slots;EAIaIQobChMIp9u85-6-ggMVoz8GAB2IcAB2EAAYASAAEgKuGPD_BwE
;;;;;;;;;;;;;;;;
1958588682;18661546486;1,46251E+11;4,30715E+11;12.11.2023;2;fishing frenzy slots;ZmlzaGluZyBmcmVuenkgc2xvdHM;0;2;0.0;0;0.0;0.0;0.0;fishin frenzy slots;EAIaIQobChMIp9u85-6-ggMVoz8GAB2IcAB2EAAYASAAEgKuGPD_BwE
;;;;;;;;;;;;;;;;
1958588682;18661546486;1,46251E+11;4,37608E+11;12.11.2023;5;jumpman site;anVtcG1hbiBzaXRl;0;1;0.0;0;0.0;0.0;0.0;jumpman slots;
;;;;;;;;;;;;;;;;
1958588682;18661546486;1,46251E+11;4,37608E+11;12.11.2023;2;jumpman slots;anVtcG1hbiBzbG90cw;0;1;0.0;0;0.0;0.0;0.0;jumpman slots;
;;;;;;;;;;;;;;;;
1958588682;18661546486;1,46251E+11;4,54715E+11;12.11.2023;5;high voltage danger;aGlnaCB2b2x0YWdlIGRhbmdlcg;0;1;0.0;0;0.0;0.0;0.0;play danger high voltage;
;;;;;;;;;;;;;;;;
1958588682;18661546486;1,46251E+11;4,7084E+11;12.11.2023;2;reactoonz;cmVhY3Rvb256;0;1;0.0;0;0.0;0.0;0.0;play reactoonz;
;;;;;;;;;;;;;;;;
1958588682;18661546486;1,46251E+11;4,83654E+11;12.11.2023;5;eye of horus uk;ZXllIG9mIGhvcnVzIHVr;0;1;0.0;0;0.0;0.0;0.0;eye of horus play online;
;;;;;;;;;;;;;;;;
1958588682;18661546486;1,46251E+11;5,11404E+11;12.11.2023;5;chilli heat game;Y2hpbGxpIGhlYXQgZ2FtZQ;0;1;0.0;0;0.0;0.0;0.0;chilli heat slot;
;;;;;;;;;;;;;;;;
1958588682;18661546486;1,46251E+11;5,19799E+11;12.11.2023;5;fruit slots online;ZnJ1aXQgc2xvdHMgb25saW5l;2;1;0.0;27000000;0.0;0.0;0.0;super hot fruits slot;Cj0KCQiAjMKqBhCgARIsAPDgWly_V0G6kHW8qgWAd9hDKKPB19Bx4ny_6Fa25AvjahTOE6Kcwq_jVRYaAhThEALw_wcB
;;;;;;;;;;;;;;;;
1958588682;18661546486;1,46251E+11;5,19799E+11;12.11.2023;5;superhot fruits;c3VwZXJob3QgZnJ1aXRz;0;2;0.0;0;0.0;0.0;0.0;super hot fruits slot;Cj0KCQiAjMKqBhCgARIsAPDgWly_V0G6kHW8qgWAd9hDKKPB19Bx4ny_6Fa25AvjahTOE6Kcwq_jVRYaAhThEALw_wcB
;;;;;;;;;;;;;;;;
1958588682;18661546486;1,46251E+11;5,29179E+11;12.11.2023;2;fish frenzy;ZmlzaCBmcmVuenk;1;4;0.0;11310000;0.0;0.0;0.0;play fishin frenzy;EAIaIQobChMIs7iy2ea-ggMVFOTtCh3_hA82EAAYASAAEgJPpPD_BwE
;;;;;;;;;;;;;;;;
1958588682;18661546486;1,46251E+11;5,29179E+11;12.11.2023;5;fishfrenzy;ZmlzaGZyZW56eQ;0;1;0.0;0;0.0;0.0;0.0;play fishin frenzy;EAIaIQobChMIs7iy2ea-ggMVFOTtCh3_hA82EAAYASAAEgJPpPD_BwE
;;;;;;;;;;;;;;;;
1958588682;18661546486;1,46251E+11;5,29179E+11;12.11.2023;2;fishing frenzy;ZmlzaGluZyBmcmVuenk;2;10;0.0;38060000;0.0;0.0;0.0;play fishin frenzy;EAIaIQobChMIs7iy2ea-ggMVFOTtCh3_hA82EAAYASAAEgJPpPD_BwE
;;;;;;;;;;;;;;;;
1958588682;18661546486;1,46251E+11;5,29179E+11;12.11.2023;2;fishing frenzy slots;ZmlzaGluZyBmcmVuenkgc2xvdHM;1;3;0.0;12140000;0.0;0.0;0.0;play fishin frenzy;EAIaIQobChMIs7iy2ea-ggMVFOTtCh3_hA82EAAYASAAEgJPpPD_BwE
;;;;;;;;;;;;;;;;
1958588682;18661546486;1,46251E+11;5,29179E+11;12.11.2023;5;fosh frenzy;Zm9zaCBmcmVuenk;0;1;0.0;0;0.0;0.0;0.0;play fishin frenzy;EAIaIQobChMIs7iy2ea-ggMVFOTtCh3_hA82EAAYASAAEgJPpPD_BwE
;;;;;;;;;;;;;;;;
1958588682;18661546486;1,46251E+11;5,29179E+11;12.11.2023;5;online games fish frenzy;b25saW5lIGdhbWVzIGZpc2ggZnJlbnp5;0;1;0.0;0;0.0;0.0;0.0;play fishin frenzy;EAIaIQobChMIs7iy2ea-ggMVFOTtCh3_hA82EAAYASAAEgJPpPD_BwE
;;;;;;;;;;;;;;;;
1958588682;18661546486;1,46251E+11;5,29179E+11;12.11.2023;2;play fishin frenzy;cGxheSBmaXNoaW4gZnJlbnp5;1;1;0.0;22690000;0.0;0.0;0.0;play fishin frenzy;EAIaIQobChMIs7iy2ea-ggMVFOTtCh3_hA82EAAYASAAEgJPpPD_BwE
;;;;;;;;;;;;;;;;
1958588682;18661546486;1,46251E+11;5,31184E+11;12.11.2023;5;diamond miner;ZGlhbW9uZCBtaW5lcg;0;2;0.0;0;0.0;0.0;0.0;diamond mine slots;
;;;;;;;;;;;;;;;;
1958588682;18661546486;1,46251E+11;5,35749E+11;12.11.2023;5;3 wish genie;MyB3aXNoIGdlbmll;0;2;0.0;0;0.0;0.0;0.0;3 genie wishes;
;;;;;;;;;;;;;;;;
1958588682;18661546486;1,46251E+11;5,35749E+11;12.11.2023;5;genie 3 wishes;Z2VuaWUgMyB3aXNoZXM;0;1;0.0;0;0.0;0.0;0.0;3 genie wishes;
;;;;;;;;;;;;;;;;
1958588682;18661546486;1,46251E+11;5,35749E+11;12.11.2023;5;three wishes genie;dGhyZWUgd2lzaGVzIGdlbmll;0;2;0.0;0;0.0;0.0;0.0;3 genie wishes;
;;;;;;;;;;;;;;;;
1958588682;18661546486;1,46251E+11;5,46573E+11;12.11.2023;5;genie wishmaker;Z2VuaWUgd2lzaG1ha2Vy;0;1;0.0;0;0.0;0.0;0.0;3 genie wishes slot;
;;;;;;;;;;;;;;;;
1958588682;18661546486;1,46251E+11;6,32899E+11;12.11.2023;2;top 20 slots uk;dG9wIDIwIHNsb3RzIHVr;0;8;0.0;0;0.0;0.0;0.0;top 20 slots uk;
;;;;;;;;;;;;;;;;
1958588682;18661546486;1,46251E+11;6,53379E+11;12.11.2023;2;fish frenzy;ZmlzaCBmcmVuenk;0;1;0.0;0;0.0;0.0;0.0;fish frenzy slots;
;;;;;;;;;;;;;;;;
1958588682;18661546486;1,46251E+11;6,53379E+11;12.11.2023;5;fish slots;ZmlzaCBzbG90cw;0;1;0.0;0;0.0;0.0;0.0;fish frenzy slots;
;;;;;;;;;;;;;;;;
1958588682;18661546486;1,46251E+11;6,53379E+11;12.11.2023;5;fishing slots game;ZmlzaGluZyBzbG90cyBnYW1l;0;1;0.0;0;0.0;0.0;0.0;fish frenzy slots;
;;;;;;;;;;;;;;;;
1958588682;18661546486;1,46251E+11;6,53379E+11;12.11.2023;5;top dog slots;dG9wIGRvZyBzbG90cw;0;1;0.0;0;0.0;0.0;0.0;fish frenzy slots;
;;;;;;;;;;;;;;;;
1958588682;18661546486;1,46251E+11;6,87093E+11;12.11.2023;2;rise of olympus;cmlzZSBvZiBvbHltcHVz;0;1;0.0;0;0.0;0.0;0.0;rise of olympus;
;;;;;;;;;;;;;;;;
1958588682;18661546486;1,46251E+11;7,35418E+11;12.11.2023;5;best online uk slots;YmVzdCBvbmxpbmUgdWsgc2xvdHM;0;1;0.0;0;0.0;0.0;0.0;instant withdrawal slots;EAIaIQobChMIjrGq54a_ggMV1_ftCh2AmgioEAAYASAAEgKdL_D_BwE
;;;;;;;;;;;;;;;;
1958588682;18661546486;1,46251E+11;7,35418E+11;12.11.2023;5;best pay by mobile slots;YmVzdCBwYXkgYnkgbW9iaWxlIHNsb3Rz;0;7;0.0;0;0.0;0.0;0.0;instant withdrawal slots;EAIaIQobChMIjrGq54a_ggMV1_ftCh2AmgioEAAYASAAEgKdL_D_BwE
;;;;;;;;;;;;;;;;
1958588682;18661546486;1,46251E+11;7,35418E+11;12.11.2023;5;cash out slots;Y2FzaCBvdXQgc2xvdHM;0;1;0.0;0;0.0;0.0;0.0;instant withdrawal slots;EAIaIQobChMIjrGq54a_ggMV1_ftCh2AmgioEAAYASAAEgKdL_D_BwE
;;;;;;;;;;;;;;;;
1958588682;18661546486;1,46251E+11;7,35418E+11;12.11.2023;5;catch of the day slots;Y2F0Y2ggb2YgdGhlIGRheSBzbG90cw;0;1;0.0;0;0.0;0.0;0.0;instant withdrawal slots;EAIaIQobChMIjrGq54a_ggMV1_ftCh2AmgioEAAYASAAEgKdL_D_BwE
;;;;;;;;;;;;;;;;
1958588682;18661546486;1,46251E+11;7,35418E+11;12.11.2023;5;fast withdrawals;ZmFzdCB3aXRoZHJhd2Fscw;0;1;0.0;0;0.0;0.0;0.0;instant withdrawal slots;EAIaIQobChMIjrGq54a_ggMV1_ftCh2AmgioEAAYASAAEgKdL_D_BwE
;;;;;;;;;;;;;;;;
1958588682;18661546486;1,46251E+11;7,35418E+11;12.11.2023;5;instant withdrawal;aW5zdGFudCB3aXRoZHJhd2Fs;0;3;0.0;0;0.0;0.0;0.0;instant withdrawal slots;EAIaIQobChMIjrGq54a_ggMV1_ftCh2AmgioEAAYASAAEgKdL_D_BwE
;;;;;;;;;;;;;;;;
1958588682;18661546486;1,46251E+11;7,35418E+11;12.11.2023;5;mobile deposit slots;bW9iaWxlIGRlcG9zaXQgc2xvdHM;0;3;0.0;0;0.0;0.0;0.0;instant withdrawal slots;EAIaIQobChMIjrGq54a_ggMV1_ftCh2AmgioEAAYASAAEgKdL_D_BwE
;;;;;;;;;;;;;;;;
1958588682;18661546486;1,46251E+11;7,35418E+11;12.11.2023;2;pay by mobile slots;cGF5IGJ5IG1vYmlsZSBzbG90cw;0;6;0.0;0;0.0;0.0;0.0;instant withdrawal slots;EAIaIQobChMIjrGq54a_ggMV1_ftCh2AmgioEAAYASAAEgKdL_D_BwE
;;;;;;;;;;;;;;;;
1958588682;18661546486;1,46251E+11;7,35418E+11;12.11.2023;2;pay by phone bill slots;cGF5IGJ5IHBob25lIGJpbGwgc2xvdHM;1;6;0.0;5050000;0.0;0.0;0.0;instant withdrawal slots;EAIaIQobChMIjrGq54a_ggMV1_ftCh2AmgioEAAYASAAEgKdL_D_BwE
;;;;;;;;;;;;;;;;
1958588682;18661546486;1,46251E+11;7,35418E+11;12.11.2023;5;pay by phone slots;cGF5IGJ5IHBob25lIHNsb3Rz;0;4;0.0;0;0.0;0.0;0.0;instant withdrawal slots;EAIaIQobChMIjrGq54a_ggMV1_ftCh2AmgioEAAYASAAEgKdL_D_BwE
;;;;;;;;;;;;;;;;
1958588682;18661546486;1,46251E+11;7,35418E+11;12.11.2023;5;pay with phone bill slots;cGF5IHdpdGggcGhvbmUgYmlsbCBzbG90cw;0;4;0.0;0;0.0;0.0;0.0;instant withdrawal slots;EAIaIQobChMIjrGq54a_ggMV1_ftCh2AmgioEAAYASAAEgKdL_D_BwE
;;;;;;;;;;;;;;;;
1958588682;18661546486;1,46251E+11;7,35418E+11;12.11.2023;2;paypal deposit slots;cGF5cGFsIGRlcG9zaXQgc2xvdHM;1;4;0.0;5700000;0.0;0.0;0.0;instant withdrawal slots;EAIaIQobChMIjrGq54a_ggMV1_ftCh2AmgioEAAYASAAEgKdL_D_BwE
;;;;;;;;;;;;;;;;
1958588682;18661546486;1,46251E+11;7,35418E+11;12.11.2023;5;real money slots;cmVhbCBtb25leSBzbG90cw;0;1;0.0;0;0.0;0.0;0.0;instant withdrawal slots;EAIaIQobChMIjrGq54a_ggMV1_ftCh2AmgioEAAYASAAEgKdL_D_BwE
;;;;;;;;;;;;;;;;
1958588682;18661546486;1,46251E+11;7,35418E+11;12.11.2023;5;slots deposit by phone bill;c2xvdHMgZGVwb3NpdCBieSBwaG9uZSBiaWxs;0;1;0.0;0;0.0;0.0;0.0;instant withdrawal slots;EAIaIQobChMIjrGq54a_ggMV1_ftCh2AmgioEAAYASAAEgKdL_D_BwE
;;;;;;;;;;;;;;;;
1958588682;18661546486;1,46251E+11;7,35418E+11;12.11.2023;5;slots pay by mobile;c2xvdHMgcGF5IGJ5IG1vYmlsZQ;0;2;0.0;0;0.0;0.0;0.0;instant withdrawal slots;EAIaIQobChMIjrGq54a_ggMV1_ftCh2AmgioEAAYASAAEgKdL_D_BwE
;;;;;;;;;;;;;;;;
1958588682;18661546486;1,46251E+11;7,35418E+11;12.11.2023;5;slots paypal;c2xvdHMgcGF5cGFs;0;2;0.0;0;0.0;0.0;0.0;instant withdrawal slots;EAIaIQobChMIjrGq54a_ggMV1_ftCh2AmgioEAAYASAAEgKdL_D_BwE
;;;;;;;;;;;;;;;;
1958588682;18661546486;1,46251E+11;7,35418E+11;12.11.2023;5;slots paypal deposit;c2xvdHMgcGF5cGFsIGRlcG9zaXQ;0;1;0.0;0;0.0;0.0;0.0;instant withdrawal slots;EAIaIQobChMIjrGq54a_ggMV1_ftCh2AmgioEAAYASAAEgKdL_D_BwE
;;;;;;;;;;;;;;;;
1958588682;18661546486;1,46251E+11;7,35418E+11;12.11.2023;5;slots with paypal deposit;c2xvdHMgd2l0aCBwYXlwYWwgZGVwb3NpdA;0;1;0.0;0;0.0;0.0;0.0;instant withdrawal slots;EAIaIQobChMIjrGq54a_ggMV1_ftCh2AmgioEAAYASAAEgKdL_D_BwE
;;;;;;;;;;;;;;;;
1958588682;18661546486;1,46251E+11;7,35418E+11;12.11.2023;5;slots with phone bill deposit;c2xvdHMgd2l0aCBwaG9uZSBiaWxsIGRlcG9zaXQ;0;1;0.0;0;0.0;0.0;0.0;instant withdrawal slots;EAIaIQobChMIjrGq54a_ggMV1_ftCh2AmgioEAAYASAAEgKdL_D_BwE
;;;;;;;;;;;;;;;;
1958588682;18661546486;1,46251E+11;7,35418E+11;12.11.2023;5;slots you can pay by phone bill;c2xvdHMgeW91IGNhbiBwYXkgYnkgcGhvbmUgYmlsbA;1;5;0.0;5610000;0.0;0.0;0.0;instant withdrawal slots;EAIaIQobChMIjrGq54a_ggMV1_ftCh2AmgioEAAYASAAEgKdL_D_BwE
;;;;;;;;;;;;;;;;
1958588682;18661546486;1,46251E+11;7,55495E+11;12.11.2023;5;lobster larry;bG9ic3RlciBsYXJyeQ;0;1;0.0;0;0.0;0.0;0.0;play lucky larry's lobstermania;
;;;;;;;;;;;;;;;;
1958588682;18661546486;1,46251E+11;7,55495E+11;12.11.2023;5;lobstermania;bG9ic3Rlcm1hbmlh;0;1;0.0;0;0.0;0.0;0.0;play lucky larry's lobstermania;
;;;;;;;;;;;;;;;;
1958588682;18661546486;1,46251E+11;7,55495E+11;12.11.2023;5;lucky larry's lobstermania 2;bHVja3kgbGFycnkncyBsb2JzdGVybWFuaWEgMg;0;2;0.0;0;0.0;0.0;0.0;play lucky larry's lobstermania;
;;;;;;;;;;;;;;;;
1958588682;18661546486;1,46251E+11;7,7238E+11;12.11.2023;2;sweet bonanza;c3dlZXQgYm9uYW56YQ;0;6;0.0;0;0.0;0.0;0.0;sweet bonanza;
;;;;;;;;;;;;;;;;
1958588682;18661546486;1,46251E+11;7,7238E+11;12.11.2023;5;sweet bonaza;c3dlZXQgYm9uYXph;0;2;0.0;0;0.0;0.0;0.0;sweet bonanza;
;;;;;;;;;;;;;;;;
1958588682;18661546486;1,46251E+11;7,91325E+11;12.11.2023;2;rainbow riches megaways;cmFpbmJvdyByaWNoZXMgbWVnYXdheXM;0;1;0.0;0;0.0;0.0;0.0;rainbow riches megaways;CjwKCAiA6byqBhAWEiwAnGCA4KZVKZv2W61NrjVpBW3iByil7gxlCAec3NZ2QjLzUWE9f1SPl3u8gxoCapkQAvD_BwE
;;;;;;;;;;;;;;;;
1958588682;18661546486;1,46251E+11;7,91325E+11;12.11.2023;5;rainbow riches sites;cmFpbmJvdyByaWNoZXMgc2l0ZXM;0;1;0.0;0;0.0;0.0;0.0;rainbow riches megaways;CjwKCAiA6byqBhAWEiwAnGCA4KZVKZv2W61NrjVpBW3iByil7gxlCAec3NZ2QjLzUWE9f1SPl3u8gxoCapkQAvD_BwE
;;;;;;;;;;;;;;;;
1958588682;18661546486;1,46251E+11;7,91325E+11;12.11.2023;5;rainbow riches welcome offer;cmFpbmJvdyByaWNoZXMgd2VsY29tZSBvZmZlcg;0;1;0.0;0;0.0;0.0;0.0;rainbow riches megaways;CjwKCAiA6byqBhAWEiwAnGCA4KZVKZv2W61NrjVpBW3iByil7gxlCAec3NZ2QjLzUWE9f1SPl3u8gxoCapkQAvD_BwE
;;;;;;;;;;;;;;;;
1958588682;18661546486;1,46251E+11;8,19692E+11;12.11.2023;5;play reel king slingo;cGxheSByZWVsIGtpbmcgc2xpbmdv;0;1;0.0;0;0.0;0.0;0.0;reel king mega;
;;;;;;;;;;;;;;;;
1958588682;18661546486;1,46251E+11;8,19692E+11;12.11.2023;2;reel king mega;cmVlbCBraW5nIG1lZ2E;0;1;0.0;0;0.0;0.0;0.0;reel king mega;
;;;;;;;;;;;;;;;;
1958588682;18661546486;1,46251E+11;8,26292E+11;12.11.2023;2;sweet success megaways;c3dlZXQgc3VjY2VzcyBtZWdhd2F5cw;0;2;0.0;0;0.0;0.0;0.0;megaways games;
;;;;;;;;;;;;;;;;
1958588682;18661546486;1,46251E+11;8,26292E+11;12.11.2023;5;temple of treasure megaways;dGVtcGxlIG9mIHRyZWFzdXJlIG1lZ2F3YXlz;0;1;0.0;0;0.0;0.0;0.0;megaways games;
;;;;;;;;;;;;;;;;
1958588682;18661546486;1,46251E+11;8,26292E+11;12.11.2023;5;twin spin megaways;dHdpbiBzcGluIG1lZ2F3YXlz;0;1;0.0;0;0.0;0.0;0.0;megaways games;
;;;;;;;;;;;;;;;;
1958588682;18661546486;1,46251E+11;8,29607E+11;12.11.2023;2;buffalo blitz;YnVmZmFsbyBibGl0eg;0;1;0.0;0;0.0;0.0;0.0;buffalo megaways;
;;;;;;;;;;;;;;;;
1958588682;18661546486;1,46251E+11;8,29607E+11;12.11.2023;5;buffalo blitz online;YnVmZmFsbyBibGl0eiBvbmxpbmU;0;4;0.0;0;0.0;0.0;0.0;buffalo megaways;
;;;;;;;;;;;;;;;;
1958588682;18661546486;1,46251E+11;8,38144E+11;12.11.2023;2;9 masks of fire;OSBtYXNrcyBvZiBmaXJl;0;1;0.0;0;0.0;0.0;0.0;9 masks of fire;
;;;;;;;;;;;;;;;;
1958588682;18661546486;1,46251E+11;8,44481E+11;12.11.2023;2;monopoly megaways;bW9ub3BvbHkgbWVnYXdheXM;0;13;0.0;0;0.0;0.0;0.0;monopoly megaways;
;;;;;;;;;;;;;;;;
1958588682;18661546486;1,46251E+11;8,49177E+11;12.11.2023;5;20p slots;MjBwIHNsb3Rz;0;1;0.0;0;0.0;0.0;0.0;top 20 uk slots;EAIaIQobChMIzY7Im56_ggMVUtntCh3VLQkkEAAYBCAAEgIe2PD_BwE
;;;;;;;;;;;;;;;;
1958588682;18661546486;1,46251E+11;8,49177E+11;12.11.2023;5;666casino;NjY2Y2FzaW5v;0;1;0.0;0;0.0;0.0;0.0;top 20 uk slots;EAIaIQobChMIzY7Im56_ggMVUtntCh3VLQkkEAAYBCAAEgIe2PD_BwE
;;;;;;;;;;;;;;;;
1958588682;18661546486;1,46251E+11;8,49177E+11;12.11.2023;5;chilli spins;Y2hpbGxpIHNwaW5z;0;1;0.0;0;0.0;0.0;0.0;top 20 uk slots;EAIaIQobChMIzY7Im56_ggMVUtntCh3VLQkkEAAYBCAAEgIe2PD_BwE
;;;;;;;;;;;;;;;;
1958588682;18661546486;1,46251E+11;8,49177E+11;12.11.2023;5;gambler g uk slots;Z2FtYmxlciBnIHVrIHNsb3Rz;0;1;0.0;0;0.0;0.0;0.0;top 20 uk slots;EAIaIQobChMIzY7Im56_ggMVUtntCh3VLQkkEAAYBCAAEgIe2PD_BwE
;;;;;;;;;;;;;;;;
1958588682;18661546486;1,46251E+11;8,49177E+11;12.11.2023;5;grosvenorcasino;Z3Jvc3Zlbm9yY2FzaW5v;0;1;0.0;0;0.0;0.0;0.0;top 20 uk slots;EAIaIQobChMIzY7Im56_ggMVUtntCh3VLQkkEAAYBCAAEgIe2PD_BwE
;;;;;;;;;;;;;;;;
1958588682;18661546486;1,46251E+11;8,49177E+11;12.11.2023;5;hotstreak slots;aG90c3RyZWFrIHNsb3Rz;0;1;0.0;0;0.0;0.0;0.0;top 20 uk slots;EAIaIQobChMIzY7Im56_ggMVUtntCh3VLQkkEAAYBCAAEgIe2PD_BwE
;;;;;;;;;;;;;;;;
1958588682;18661546486;1,46251E+11;8,49177E+11;12.11.2023;5;jungle spins uk;anVuZ2xlIHNwaW5zIHVr;0;2;0.0;0;0.0;0.0;0.0;top 20 uk slots;EAIaIQobChMIzY7Im56_ggMVUtntCh3VLQkkEAAYBCAAEgIe2PD_BwE
;;;;;;;;;;;;;;;;
1958588682;18661546486;1,46251E+11;8,49177E+11;12.11.2023;5;kingdom slots;a2luZ2RvbSBzbG90cw;0;1;0.0;0;0.0;0.0;0.0;top 20 uk slots;EAIaIQobChMIzY7Im56_ggMVUtntCh3VLQkkEAAYBCAAEgIe2PD_BwE
;;;;;;;;;;;;;;;;
1958588682;18661546486;1,46251E+11;8,49177E+11;12.11.2023;5;play slots uk;cGxheSBzbG90cyB1aw;0;1;0.0;0;0.0;0.0;0.0;top 20 uk slots;EAIaIQobChMIzY7Im56_ggMVUtntCh3VLQkkEAAYBCAAEgIe2PD_BwE
;;;;;;;;;;;;;;;;
1958588682;18661546486;1,46251E+11;8,49177E+11;12.11.2023;5;royal slots;cm95YWwgc2xvdHM;0;1;0.0;0;0.0;0.0;0.0;top 20 uk slots;EAIaIQobChMIzY7Im56_ggMVUtntCh3VLQkkEAAYBCAAEgIe2PD_BwE
;;;;;;;;;;;;;;;;
1958588682;18661546486;1,46251E+11;8,49177E+11;12.11.2023;5;slots uk sites;c2xvdHMgdWsgc2l0ZXM;0;1;0.0;0;0.0;0.0;0.0;top 20 uk slots;EAIaIQobChMIzY7Im56_ggMVUtntCh3VLQkkEAAYBCAAEgIe2PD_BwE
;;;;;;;;;;;;;;;;
1958588682;18661546486;1,46251E+11;8,49177E+11;12.11.2023;5;virgin slots uk;dmlyZ2luIHNsb3RzIHVr;0;4;0.0;0;0.0;0.0;0.0;top 20 uk slots;EAIaIQobChMIzY7Im56_ggMVUtntCh3VLQkkEAAYBCAAEgIe2PD_BwE
;;;;;;;;;;;;;;;;
1958588682;18661546486;1,46251E+11;8,75877E+11;12.11.2023;5;big bass hold and spinner megaways;YmlnIGJhc3MgaG9sZCBhbmQgc3Bpbm5lciBtZWdhd2F5cw;0;3;0.0;0;0.0;0.0;0.0;play fishin frenzy megaways;Cj0KCQiAjMKqBhCgARIsAPDgWlyWErBGeMKFfibr5sUUvuv7zXHap2GbvixDjWnKr_XFZy4ZwqiYrUoaAlMwEALw_wcB
;;;;;;;;;;;;;;;;
1958588682;18661546486;1,46251E+11;8,75877E+11;12.11.2023;5;big catch bass fishing megaways;YmlnIGNhdGNoIGJhc3MgZmlzaGluZyBtZWdhd2F5cw;0;2;0.0;0;0.0;0.0;0.0;play fishin frenzy megaways;Cj0KCQiAjMKqBhCgARIsAPDgWlyWErBGeMKFfibr5sUUvuv7zXHap2GbvixDjWnKr_XFZy4ZwqiYrUoaAlMwEALw_wcB
;;;;;;;;;;;;;;;;
1958588682;18661546486;1,46251E+11;8,75877E+11;12.11.2023;5;fishin frenzy big catch megaways;ZmlzaGluIGZyZW56eSBiaWcgY2F0Y2ggbWVnYXdheXM;0;1;0.0;0;0.0;0.0;0.0;play fishin frenzy megaways;Cj0KCQiAjMKqBhCgARIsAPDgWlyWErBGeMKFfibr5sUUvuv7zXHap2GbvixDjWnKr_XFZy4ZwqiYrUoaAlMwEALw_wcB
;;;;;;;;;;;;;;;;
1958588682;18661546486;1,46251E+11;8,75877E+11;12.11.2023;2;fishing frenzy;ZmlzaGluZyBmcmVuenk;0;19;0.0;0;0.0;0.0;0.0;play fishin frenzy megaways;Cj0KCQiAjMKqBhCgARIsAPDgWlyWErBGeMKFfibr5sUUvuv7zXHap2GbvixDjWnKr_XFZy4ZwqiYrUoaAlMwEALw_wcB
;;;;;;;;;;;;;;;;
1958588682;18661546486;1,46251E+11;8,75877E+11;12.11.2023;5;fishy frenzy;ZmlzaHkgZnJlbnp5;0;4;0.0;0;0.0;0.0;0.0;play fishin frenzy megaways;Cj0KCQiAjMKqBhCgARIsAPDgWlyWErBGeMKFfibr5sUUvuv7zXHap2GbvixDjWnKr_XFZy4ZwqiYrUoaAlMwEALw_wcB
;;;;;;;;;;;;;;;;
1958588682;18661546486;1,46251E+11;8,75877E+11;12.11.2023;5;fishy frenzy game;ZmlzaHkgZnJlbnp5IGdhbWU;1;1;0.0;12720000;0.0;0.0;0.0;play fishin frenzy megaways;Cj0KCQiAjMKqBhCgARIsAPDgWlyWErBGeMKFfibr5sUUvuv7zXHap2GbvixDjWnKr_XFZy4ZwqiYrUoaAlMwEALw_wcB
;;;;;;;;;;;;;;;;
1958588682;18661546486;1,46251E+11;8,75877E+11;12.11.2023;5;online games fish frenzy;b25saW5lIGdhbWVzIGZpc2ggZnJlbnp5;0;1;0.0;0;0.0;0.0;0.0;play fishin frenzy megaways;Cj0KCQiAjMKqBhCgARIsAPDgWlyWErBGeMKFfibr5sUUvuv7zXHap2GbvixDjWnKr_XFZy4ZwqiYrUoaAlMwEALw_wcB
;;;;;;;;;;;;;;;;
1958588682;18661546486;1,46251E+11;8,75877E+11;12.11.2023;5;online megaways;b25saW5lIG1lZ2F3YXlz;0;2;0.0;0;0.0;0.0;0.0;play fishin frenzy megaways;Cj0KCQiAjMKqBhCgARIsAPDgWlyWErBGeMKFfibr5sUUvuv7zXHap2GbvixDjWnKr_XFZy4ZwqiYrUoaAlMwEALw_wcB
;;;;;;;;;;;;;;;;
1958588682;18661546486;1,46251E+11;8,93664E+11;12.11.2023;5;pots of gold;cG90cyBvZiBnb2xk;0;4;0.0;0;0.0;0.0;0.0;9 pots of gold slot;
;;;;;;;;;;;;;;;;
1958588682;18661546486;1,46251E+11;9,1864E+11;12.11.2023;2;9 pots of gold;OSBwb3RzIG9mIGdvbGQ;0;9;0.0;0;0.0;0.0;0.0;9 pots of gold;
;;;;;;;;;;;;;;;;
1958588682;18661546486;1,46251E+11;9,20903E+11;12.11.2023;5;online megaways;b25saW5lIG1lZ2F3YXlz;0;1;0.0;0;0.0;0.0;0.0;reel king megaways;
;;;;;;;;;;;;;;;;
1958588682;18661546486;1,46251E+11;9,20903E+11;12.11.2023;5;play reel king slingo;cGxheSByZWVsIGtpbmcgc2xpbmdv;0;1;0.0;0;0.0;0.0;0.0;reel king megaways;
;;;;;;;;;;;;;;;;
1958588682;18661546486;1,46251E+11;9,20903E+11;12.11.2023;2;reel king megaways;cmVlbCBraW5nIG1lZ2F3YXlz;0;7;0.0;0;0.0;0.0;0.0;reel king megaways;
;;;;;;;;;;;;;;;;
1958588682;18661546486;1,46251E+11;9,20977E+11;12.11.2023;5;deal or no deal game;ZGVhbCBvciBubyBkZWFsIGdhbWU;0;6;0.0;0;0.0;0.0;0.0;deal or no deal megaways;EAIaIQobChMIhLG12py9ggMVBr53Ch2Zpgm0EAAYAiAAEgKRN_D_BwE
;;;;;;;;;;;;;;;;
1958588682;18661546486;1,46251E+11;9,20977E+11;12.11.2023;2;deal or no deal megaways;ZGVhbCBvciBubyBkZWFsIG1lZ2F3YXlz;0;1;0.0;0;0.0;0.0;0.0;deal or no deal megaways;EAIaIQobChMIhLG12py9ggMVBr53Ch2Zpgm0EAAYAiAAEgKRN_D_BwE
;;;;;;;;;;;;;;;;
1958588682;18661546486;1,46251E+11;9,20977E+11;12.11.2023;5;deal or no deal slingo;ZGVhbCBvciBubyBkZWFsIHNsaW5nbw;0;1;0.0;0;0.0;0.0;0.0;deal or no deal megaways;EAIaIQobChMIhLG12py9ggMVBr53Ch2Zpgm0EAAYAiAAEgKRN_D_BwE
;;;;;;;;;;;;;;;;
1958588682;18661546486;1,46251E+11;9,20977E+11;12.11.2023;5;slingo deal or no deal;c2xpbmdvIGRlYWwgb3Igbm8gZGVhbA;0;1;0.0;0;0.0;0.0;0.0;deal or no deal megaways;EAIaIQobChMIhLG12py9ggMVBr53Ch2Zpgm0EAAYAiAAEgKRN_D_BwE
;;;;;;;;;;;;;;;;
1958588682;18661546486;1,46251E+11;9,20977E+11;12.11.2023;2;eye of horus megaways;ZXllIG9mIGhvcnVzIG1lZ2F3YXlz;0;3;0.0;0;0.0;0.0;0.0;eye of horus megaways;
;;;;;;;;;;;;;;;;
1958588682;18661546486;1,46251E+11;9,21883E+11;12.11.2023;5;pirots 2 slots;cGlyb3RzIDIgc2xvdHM;0;1;0.0;0;0.0;0.0;0.0;pirates frenzy slot;
;;;;;;;;;;;;;;;;
1958588682;18661546486;1,46251E+11;9,21883E+11;12.11.2023;5;pirots slots;cGlyb3RzIHNsb3Rz;0;1;0.0;0;0.0;0.0;0.0;pirates frenzy slot;
;;;;;;;;;;;;;;;;
1958588682;18661546486;1,46251E+11;9,23085E+11;12.11.2023;2;rainbow cash pots;cmFpbmJvdyBjYXNoIHBvdHM;0;1;0.0;0;0.0;0.0;0.0;rainbow cash pots;CjwKCAiA6byqBhAWEiwAnGCA4CwYzxSCLimquFWhDb1PKmcwZmWDKbohpD0oTDKLZiO7IWhXIoIZWBoC2VgQAvD_BwE
;;;;;;;;;;;;;;;;
1958588682;18661546486;1,46251E+11;9,31071E+11;12.11.2023;5;gonzo quest megaways;Z29uem8gcXVlc3QgbWVnYXdheXM;0;1;0.0;0;0.0;0.0;0.0;gonzos quest megaways;
;;;;;;;;;;;;;;;;
1958588682;18661546486;1,46251E+11;9,4357E+11;12.11.2023;2;dynamite riches megaways;ZHluYW1pdGUgcmljaGVzIG1lZ2F3YXlz;1;1;0.0;16720000;0.0;0.0;0.0;piggy riches megaways;Cj0KCQiAjMKqBhCgARIsAPDgWlwn6jRaMpp0pxQ562CYUYhGADewv1tkzS4c2hQCAEp2c38rACMEXCQaAjqtEALw_wcB
;;;;;;;;;;;;;;;;
1958588682;18661546486;1,46251E+11;9,4357E+11;12.11.2023;2;piggy riches megaways;cGlnZ3kgcmljaGVzIG1lZ2F3YXlz;2;2;0.0;9240000;0.0;0.0;0.0;piggy riches megaways;Cj0KCQiAjMKqBhCgARIsAPDgWlwn6jRaMpp0pxQ562CYUYhGADewv1tkzS4c2hQCAEp2c38rACMEXCQaAjqtEALw_wcB
;;;;;;;;;;;;;;;;
1958588682;18661546486;1,46251E+11;9,45299E+11;12.11.2023;2;wolf gold game;d29sZiBnb2xkIGdhbWU;0;1;0.0;0;0.0;0.0;0.0;wolf gold game;
;;;;;;;;;;;;;;;;
1958588682;18661546486;1,46251E+11;9,50288E+11;12.11.2023;2;pragmatic games;cHJhZ21hdGljIGdhbWVz;0;1;0.0;0;0.0;0.0;0.0;sweet bonanza pragmatic play;
;;;;;;;;;;;;;;;;
1958588682;18661546486;1,46251E+11;9,50288E+11;12.11.2023;5;sweet bonanza trustpilot;c3dlZXQgYm9uYW56YSB0cnVzdHBpbG90;0;1;0.0;0;0.0;0.0;0.0;sweet bonanza pragmatic play;
;;;;;;;;;;;;;;;;
1958588682;18661546486;1,46251E+11;9,50637E+11;12.11.2023;5;aztec slots;YXp0ZWMgc2xvdHM;0;1;0.0;0;0.0;0.0;0.0;aztec bonanza slot;
;;;;;;;;;;;;;;;;
1958588682;18661546486;1,46251E+11;9,51019E+11;12.11.2023;2;atlantis megaways;YXRsYW50aXMgbWVnYXdheXM;0;1;0.0;0;0.0;0.0;0.0;atlantis megaways;EAIaIQobChMI7dHo1rK_ggMV7U9BAh1ulQk1EAAYASAAEgKJlfD_BwE
;;;;;;;;;;;;;;;;
1958588682;18661546486;1,46251E+11;9,51019E+11;12.11.2023;5;atlantis slots;YXRsYW50aXMgc2xvdHM;1;1;0.0;3150000;0.0;0.0;0.0;atlantis megaways;EAIaIQobChMI7dHo1rK_ggMV7U9BAh1ulQk1EAAYASAAEgKJlfD_BwE
;;;;;;;;;;;;;;;;
1958588682;18661546486;1,46251E+11;9,51019E+11;12.11.2023;5;dragons fire megaways;ZHJhZ29ucyBmaXJlIG1lZ2F3YXlz;0;1;0.0;0;0.0;0.0;0.0;atlantis megaways;EAIaIQobChMI7dHo1rK_ggMV7U9BAh1ulQk1EAAYASAAEgKJlfD_BwE
;;;;;;;;;;;;;;;;
1958588682;18661546486;1,46251E+11;9,51019E+11;12.11.2023;2;rick and morty megaways;cmljayBhbmQgbW9ydHkgbWVnYXdheXM;0;2;0.0;0;0.0;0.0;0.0;atlantis megaways;EAIaIQobChMI7dHo1rK_ggMV7U9BAh1ulQk1EAAYASAAEgKJlfD_BwE
;;;;;;;;;;;;;;;;
1958588682;18661546486;1,46251E+11;9,51233E+11;12.11.2023;5;play reel king slingo;cGxheSByZWVsIGtpbmcgc2xpbmdv;0;3;0.0;0;0.0;0.0;0.0;play reel king megaways;EAIaIQobChMI6Yb737W_ggMVEfjtCh0YHAVIEAAYASAAEgJZSfD_BwE
;;;;;;;;;;;;;;;;
1958588682;18661546486;1,46251E+11;9,51233E+11;12.11.2023;2;play reel king slots;cGxheSByZWVsIGtpbmcgc2xvdHM;1;2;1.0;29000000;29000000.0;30.0;0.0;play reel king megaways;EAIaIQobChMI6Yb737W_ggMVEfjtCh0YHAVIEAAYASAAEgJZSfD_BwE
;;;;;;;;;;;;;;;;
1958588682;18661546486;1,46251E+11;9,51708E+11;12.11.2023;5;tiki treasures megaways;dGlraSB0cmVhc3VyZXMgbWVnYXdheXM;0;1;0.0;0;0.0;0.0;0.0;play centurion megaways;
;;;;;;;;;;;;;;;;
1958588682;18661546486;1,46251E+11;9,5307E+11;12.11.2023;5;blue wizard;Ymx1ZSB3aXphcmQ;0;1;0.0;0;0.0;0.0;0.0;blue wizard game;
;;;;;;;;;;;;;;;;
1958588682;18661546486;1,46251E+11;9,5307E+11;12.11.2023;5;blue wizard slots;Ymx1ZSB3aXphcmQgc2xvdHM;0;1;0.0;0;0.0;0.0;0.0;blue wizard game;
;;;;;;;;;;;;;;;;
1958588682;18661546486;1,46251E+11;9,53542E+11;12.11.2023;5;gold digger megaways;Z29sZCBkaWdnZXIgbWVnYXdheXM;0;1;0.0;0;0.0;0.0;0.0;rhino megaways;
;;;;;;;;;;;;;;;;
1958588682;18661546486;1,46251E+11;9,53542E+11;12.11.2023;2;rhino megaways;cmhpbm8gbWVnYXdheXM;0;1;0.0;0;0.0;0.0;0.0;rhino megaways;
;;;;;;;;;;;;;;;;
1958588682;18661546486;1,46251E+11;9,53542E+11;12.11.2023;5;rhino slots;cmhpbm8gc2xvdHM;0;1;0.0;0;0.0;0.0;0.0;rhino megaways;
;;;;;;;;;;;;;;;;
1958588682;18661546486;1,46251E+11;9,53542E+11;12.11.2023;5;secrets of the phoenix megaways;c2VjcmV0cyBvZiB0aGUgcGhvZW5peCBtZWdhd2F5cw;0;1;0.0;0;0.0;0.0;0.0;rhino megaways;
;;;;;;;;;;;;;;;;
1958588682;18661546486;1,46251E+11;9,53542E+11;12.11.2023;5;who wants to be a millionaire megaways;d2hvIHdhbnRzIHRvIGJlIGEgbWlsbGlvbmFpcmUgbWVnYXdheXM;0;4;0.0;0;0.0;0.0;0.0;rhino megaways;
;;;;;;;;;;;;;;;;
1958588682;18661546486;1,46251E+11;9,53911E+11;12.11.2023;5;deal or no deal 2023;ZGVhbCBvciBubyBkZWFsIDIwMjM;0;2;0.0;0;0.0;0.0;0.0;deal or no deal double action;
;;;;;;;;;;;;;;;;
1958588682;18661546486;1,46251E+11;9,57094E+11;12.11.2023;5;ted megaways;dGVkIG1lZ2F3YXlz;0;1;0.0;0;0.0;0.0;0.0;centurion megaways;
;;;;;;;;;;;;;;;;
1958588682;18661546486;1,46251E+11;9,96805E+11;12.11.2023;5;raging rhino;cmFnaW5nIHJoaW5v;0;1;0.0;0;0.0;0.0;0.0;play great rhino megaways;
;;;;;;;;;;;;;;;;
1958588682;18661546486;1,46251E+11;9,96805E+11;12.11.2023;5;amazonslot;YW1hem9uc2xvdA;0;1;0.0;0;0.0;0.0;0.0;play sweet bonanza;
;;;;;;;;;;;;;;;;
1958588682;18661546486;1,46251E+11;9,96805E+11;12.11.2023;2;play sweet bonanza;cGxheSBzd2VldCBib25hbnph;0;4;0.0;0;0.0;0.0;0.0;play sweet bonanza;
;;;;;;;;;;;;;;;;
1958588682;18661546486;1,46251E+11;9,96805E+11;12.11.2023;5;slots with deposit bonus;c2xvdHMgd2l0aCBkZXBvc2l0IGJvbnVz;0;2;0.0;0;0.0;0.0;0.0;play sweet bonanza;
;;;;;;;;;;;;;;;;
1958588682;18661546486;1,46251E+11;9,96805E+11;12.11.2023;5;sweets bonanza;c3dlZXRzIGJvbmFuemE;0;1;0.0;0;0.0;0.0;0.0;play sweet bonanza;
;;;;;;;;;;;;;;;;
1958588682;18661546486;1,46251E+11;9,96805E+11;12.11.2023;5;sweet bonanza dice;c3dlZXQgYm9uYW56YSBkaWNl;0;1;0.0;0;0.0;0.0;0.0;sweet bonanza xmas slot;
;;;;;;;;;;;;;;;;
1958588682;18661546486;1,46251E+11;9,99852E+11;12.11.2023;2;gems bonanza;Z2VtcyBib25hbnph;0;2;0.0;0;0.0;0.0;0.0;gems bonanza;
;;;;;;;;;;;;;;;;
1958588682;18661546486;1,46251E+11;1,00726E+12;12.11.2023;2;reactoonz 2;cmVhY3Rvb256IDI;0;1;0.0;0;0.0;0.0;0.0;reactoonz 2;
;;;;;;;;;;;;;;;;
1958588682;18661546486;1,46251E+11;1,02661E+12;12.11.2023;2;the dog house megaways;dGhlIGRvZyBob3VzZSBtZWdhd2F5cw;0;1;0.0;0;0.0;0.0;0.0;the dog house megaways;
;;;;;;;;;;;;;;;;
1958588682;18661546486;1,46251E+11;1,09965E+12;12.11.2023;2;dog house megaways;ZG9nIGhvdXNlIG1lZ2F3YXlz;0;1;0.0;0;0.0;0.0;0.0;dog house megaways;
;;;;;;;;;;;;;;;;
1958588682;18661546486;1,46251E+11;1,12092E+12;12.11.2023;5;slingo fortunes;c2xpbmdvIGZvcnR1bmVz;0;1;0.0;0;0.0;0.0;0.0;slot sweet bonanza;
;;;;;;;;;;;;;;;;
1958588682;18661546486;1,46251E+11;1,15684E+12;12.11.2023;5;play pragmatic;cGxheSBwcmFnbWF0aWM;0;1;0.0;0;0.0;0.0;0.0;pragmatic play sweet bonanza;EAIaIQobChMIgYrjy-a9ggMVme3tCh22xwTPEAAYASAAEgL5UfD_BwE
;;;;;;;;;;;;;;;;
1958588682;18661546486;1,46251E+11;1,15684E+12;12.11.2023;5;playpragmatic;cGxheXByYWdtYXRpYw;0;1;0.0;0;0.0;0.0;0.0;pragmatic play sweet bonanza;EAIaIQobChMIgYrjy-a9ggMVme3tCh22xwTPEAAYASAAEgL5UfD_BwE
;;;;;;;;;;;;;;;;
1958588682;18661546486;1,46251E+11;1,15684E+12;12.11.2023;2;pragmatic games;cHJhZ21hdGljIGdhbWVz;1;11;0.0;2470000;0.0;0.0;0.0;pragmatic play sweet bonanza;EAIaIQobChMIgYrjy-a9ggMVme3tCh22xwTPEAAYASAAEgL5UfD_BwE
;;;;;;;;;;;;;;;;
1958588682;18661546486;1,46251E+11;1,15684E+12;12.11.2023;2;pragmatic play games;cHJhZ21hdGljIHBsYXkgZ2FtZXM;0;1;0.0;0;0.0;0.0;0.0;pragmatic play sweet bonanza;EAIaIQobChMIgYrjy-a9ggMVme3tCh22xwTPEAAYASAAEgL5UfD_BwE
;;;;;;;;;;;;;;;;
1958588682;18661546486;1,46251E+11;1,17021E+12;12.11.2023;5;sweet bonanza legit;c3dlZXQgYm9uYW56YSBsZWdpdA;0;1;0.0;0;0.0;0.0;0.0;sweet bonanza real money;
;;;;;;;;;;;;;;;;
1958588682;18661546486;1,46251E+11;1,17021E+12;12.11.2023;5;sweet bonanza win rate;c3dlZXQgYm9uYW56YSB3aW4gcmF0ZQ;0;1;0.0;0;0.0;0.0;0.0;sweet bonanza real money;
;;;;;;;;;;;;;;;;
1958588682;18661546486;1,46251E+11;1,17021E+12;12.11.2023;5;sweets bonanza;c3dlZXRzIGJvbmFuemE;0;1;0.0;0;0.0;0.0;0.0;sweet bonanza real money;
;;;;;;;;;;;;;;;;
1958588682;18661546486;1,46251E+11;1,18562E+12;12.11.2023;2;wild wild riches;d2lsZCB3aWxkIHJpY2hlcw;0;3;0.0;0;0.0;0.0;0.0;wild wild riches;
;;;;;;;;;;;;;;;;
1958588682;18661546486;1,46251E+11;1,18562E+12;12.11.2023;5;wildcasino;d2lsZGNhc2lubw;0;1;0.0;0;0.0;0.0;0.0;wild wild riches;
;;;;;;;;;;;;;;;;
1958588682;18661546486;1,46251E+11;1,22663E+12;12.11.2023;2;fluffy favourites megaways;Zmx1ZmZ5IGZhdm91cml0ZXMgbWVnYXdheXM;0;2;0.0;0;0.0;0.0;0.0;fluffy favourites megaways;
;;;;;;;;;;;;;;;;
1958588682;18661546486;1,46251E+11;1,25111E+12;12.11.2023;2;christmas carol megaways;Y2hyaXN0bWFzIGNhcm9sIG1lZ2F3YXlz;0;2;0.0;0;0.0;0.0;0.0;Christmas Carol Megaways;EAIaIQobChMIuYaa2I-_ggMViJ2DBx2v5AZqEAAYASAAEgLZJfD_BwE
;;;;;;;;;;;;;;;;
1958588682;18661546486;1,46251E+11;1,26096E+12;12.11.2023;5;curse of the werewolf game;Y3Vyc2Ugb2YgdGhlIHdlcmV3b2xmIGdhbWU;0;1;0.0;0;0.0;0.0;0.0;Curse of the Werewolf Megaways;
;;;;;;;;;;;;;;;;
1958588682;18661546486;1,46251E+11;1,26909E+12;12.11.2023;5;luck o irish;bHVjayBvIGlyaXNo;0;11;0.0;0;0.0;0.0;0.0;luck o the irish megaways;
;;;;;;;;;;;;;;;;
1958588682;18661546486;1,46251E+11;1,27061E+12;12.11.2023;5;mustang gold;bXVzdGFuZyBnb2xk;0;3;0.0;0;0.0;0.0;0.0;mustang gold pragmatic play;
;;;;;;;;;;;;;;;;
1958588682;18661546486;1,46251E+11;1,27061E+12;12.11.2023;5;big bass hold & spinner megaways;YmlnIGJhc3MgaG9sZCAmIHNwaW5uZXIgbWVnYXdheXM;0;1;0.0;0;0.0;0.0;0.0;play big bass bonanza;
;;;;;;;;;;;;;;;;
1958588682;18661546486;1,46251E+11;1,27061E+12;12.11.2023;5;big bass xmas;YmlnIGJhc3MgeG1hcw;0;1;0.0;0;0.0;0.0;0.0;play big bass bonanza;
;;;;;;;;;;;;;;;;
1958588682;18661546486;1,46251E+11;1,27061E+12;12.11.2023;2;play big bass bonanza;cGxheSBiaWcgYmFzcyBib25hbnph;0;2;0.0;0;0.0;0.0;0.0;play big bass bonanza;
;;;;;;;;;;;;;;;;
1958588682;18661546486;1,46251E+11;1,27082E+12;12.11.2023;5;cops & robbers slots;Y29wcyAmIHJvYmJlcnMgc2xvdHM;0;1;0.0;0;0.0;0.0;0.0;cops and robbers megaways;EAIaIQobChMI2sSOqZ6_ggMVTPntCh2cLwVnEAAYASAAEgIsOfD_BwE
;;;;;;;;;;;;;;;;
1958588682;18661546486;1,46251E+11;1,27082E+12;12.11.2023;5;cops and robbers game;Y29wcyBhbmQgcm9iYmVycyBnYW1l;0;5;0.0;0;0.0;0.0;0.0;cops and robbers megaways;EAIaIQobChMI2sSOqZ6_ggMVTPntCh2cLwVnEAAYASAAEgIsOfD_BwE
;;;;;;;;;;;;;;;;
1958588682;18661546486;1,46251E+11;1,27082E+12;12.11.2023;5;cops and robbers slots;Y29wcyBhbmQgcm9iYmVycyBzbG90cw;0;3;0.0;0;0.0;0.0;0.0;cops and robbers megaways;EAIaIQobChMI2sSOqZ6_ggMVTPntCh2cLwVnEAAYASAAEgIsOfD_BwE
;;;;;;;;;;;;;;;;
1958588682;18661546486;1,46251E+11;1,27082E+12;12.11.2023;5;cops n robbers game;Y29wcyBuIHJvYmJlcnMgZ2FtZQ;1;1;0.0;7240000;0.0;0.0;0.0;cops and robbers megaways;EAIaIQobChMI2sSOqZ6_ggMVTPntCh2cLwVnEAAYASAAEgIsOfD_BwE
;;;;;;;;;;;;;;;;
1958588682;18661546486;1,46251E+11;1,27082E+12;12.11.2023;2;nitropolis 3;bml0cm9wb2xpcyAz;0;1;0.0;0;0.0;0.0;0.0;nitropolis 3;
;;;;;;;;;;;;;;;;
1958588682;18661546486;1,46251E+11;1,27082E+12;12.11.2023;2;sahara riches cash collect;c2FoYXJhIHJpY2hlcyBjYXNoIGNvbGxlY3Q;0;4;0.0;0;0.0;0.0;0.0;sahara riches cash collect;
;;;;;;;;;;;;;;;;
1958588682;18661546486;1,46251E+11;1,27385E+12;12.11.2023;5;pragmatic play new game;cHJhZ21hdGljIHBsYXkgbmV3IGdhbWU;0;1;0.0;0;0.0;0.0;0.0;new pragmatic slots;
;;;;;;;;;;;;;;;;
1958588682;18661546486;1,46251E+11;1,28391E+12;12.11.2023;2;monopoly megaways uk;bW9ub3BvbHkgbWVnYXdheXMgdWs;1;2;0.0;7640000;0.0;0.0;0.0;monopoly megaways uk;EAIaIQobChMI-qyKi_u-ggMVlPntCh1wngs2EAAYASAAEgLvs_D_BwE
;;;;;;;;;;;;;;;;
1958588682;18661546486;1,46251E+11;1,28391E+12;12.11.2023;5;monopoly money uk;bW9ub3BvbHkgbW9uZXkgdWs;0;1;0.0;0;0.0;0.0;0.0;monopoly megaways uk;EAIaIQobChMI-qyKi_u-ggMVlPntCh1wngs2EAAYASAAEgLvs_D_BwE
;;;;;;;;;;;;;;;;
1958588682;18661546486;1,46251E+11;1,28391E+12;12.11.2023;5;monopoly uk;bW9ub3BvbHkgdWs;1;3;0.0;2220000;0.0;0.0;0.0;monopoly megaways uk;EAIaIQobChMI-qyKi_u-ggMVlPntCh1wngs2EAAYASAAEgLvs_D_BwE
;;;;;;;;;;;;;;;;
1958588682;18661546486;1,46251E+11;1,28474E+12;12.11.2023;5;bigger bass bonanza christmas;YmlnZ2VyIGJhc3MgYm9uYW56YSBjaHJpc3RtYXM;0;1;0.0;0;0.0;0.0;0.0;big bass bonanza uk;Cj0KCQiAjMKqBhCgARIsAPDgWlxJWVEQZFcjkRZhFBE9YdHc9ah_1PaDMsaokxXPNsp1xg0BFBc1sZMaAhw-EALw_wcB
;;;;;;;;;;;;;;;;
1958588682;18661546486;1,46251E+11;1,28608E+12;12.11.2023;5;sweet bonanza play;c3dlZXQgYm9uYW56YSBwbGF5;0;1;0.0;0;0.0;0.0;0.0;sweet bonanza uk;
;;;;;;;;;;;;;;;;
1958588682;18661546486;1,46251E+11;1,28608E+12;12.11.2023;5;sweets bonanza;c3dlZXRzIGJvbmFuemE;0;3;0.0;0;0.0;0.0;0.0;sweet bonanza uk;
;;;;;;;;;;;;;;;;
1958588682;18661546486;1,46251E+11;1,28965E+12;12.11.2023;5;nitropolis;bml0cm9wb2xpcw;0;6;0.0;0;0.0;0.0;0.0;play nitropolis 3;
;;;;;;;;;;;;;;;;
1958588682;18661546486;1,46251E+11;1,33973E+12;12.11.2023;2;buffalo king megaways;YnVmZmFsbyBraW5nIG1lZ2F3YXlz;0;1;0.0;0;0.0;0.0;0.0;buffalo king megaways;
;;;;;;;;;;;;;;;;
1958588682;18661546486;1,46251E+11;1,35022E+12;12.11.2023;5;hand of midas;aGFuZCBvZiBtaWRhcw;0;1;0.0;0;0.0;0.0;0.0;play the hand of midas;
;;;;;;;;;;;;;;;;
1958588682;18661546486;1,46251E+11;1,35022E+12;12.11.2023;5;midas hand;bWlkYXMgaGFuZA;0;1;0.0;0;0.0;0.0;0.0;play the hand of midas;
;;;;;;;;;;;;;;;;
1958588682;18661546486;1,46251E+11;1,37929E+12;12.11.2023;2;gates of olympus pragmatic;Z2F0ZXMgb2Ygb2x5bXB1cyBwcmFnbWF0aWM;1;1;0.0;2420000;0.0;0.0;0.0;gates of olympus pragmatic play;EAIaIQobChMIxo2Woc6-ggMVp4CDBx0apwKxEAAYASAAEgKhFfD_BwE
;;;;;;;;;;;;;;;;
1958588682;18661546486;1,46251E+11;1,37929E+12;12.11.2023;2;gates of olympus pragmatic play;Z2F0ZXMgb2Ygb2x5bXB1cyBwcmFnbWF0aWMgcGxheQ;0;1;0.0;0;0.0;0.0;0.0;gates of olympus pragmatic play;EAIaIQobChMIxo2Woc6-ggMVp4CDBx0apwKxEAAYASAAEgKhFfD_BwE
;;;;;;;;;;;;;;;;
1958588682;18661546486;1,46251E+11;1,37929E+12;12.11.2023;5;gates of olympus game;Z2F0ZXMgb2Ygb2x5bXB1cyBnYW1l;0;1;0.0;0;0.0;0.0;0.0;play gates of olympus;EAIaIQobChMI7cH_zrC9ggMV2uztCh1UTg_WEAAYASAAEgIILfD_BwE
;;;;;;;;;;;;;;;;
1958588682;18661546486;1,46251E+11;1,37929E+12;12.11.2023;5;gates of olympus uk;Z2F0ZXMgb2Ygb2x5bXB1cyB1aw;0;1;0.0;0;0.0;0.0;0.0;play gates of olympus;EAIaIQobChMI7cH_zrC9ggMV2uztCh1UTg_WEAAYASAAEgIILfD_BwE
;;;;;;;;;;;;;;;;
1958588682;18661546486;1,46251E+11;1,37929E+12;12.11.2023;5;olympus game;b2x5bXB1cyBnYW1l;0;2;0.0;0;0.0;0.0;0.0;play gates of olympus;EAIaIQobChMI7cH_zrC9ggMV2uztCh1UTg_WEAAYASAAEgIILfD_BwE
;;;;;;;;;;;;;;;;
1958588682;18661546486;1,46251E+11;1,37929E+12;12.11.2023;5;where can i play gates of olympus;d2hlcmUgY2FuIGkgcGxheSBnYXRlcyBvZiBvbHltcHVz;1;1;0.0;5700000;0.0;0.0;0.0;play gates of olympus;EAIaIQobChMI7cH_zrC9ggMV2uztCh1UTg_WEAAYASAAEgIILfD_BwE
;;;;;;;;;;;;;;;;
1958588682;18661546486;1,46251E+11;1,39283E+12;12.11.2023;5;hand of midas;aGFuZCBvZiBtaWRhcw;0;1;0.0;0;0.0;0.0;0.0;hand of midas slot;
;;;;;;;;;;;;;;;;
1958588682;18661546486;1,46251E+11;1,39733E+12;12.11.2023;2;fishin frenzy big catch;ZmlzaGluIGZyZW56eSBiaWcgY2F0Y2g;0;9;0.0;0;0.0;0.0;0.0;fishin frenzy big catch;
;;;;;;;;;;;;;;;;
1958588682;18661546486;1,46251E+11;1,40316E+12;12.11.2023;2;fruit party;ZnJ1aXQgcGFydHk;0;1;0.0;0;0.0;0.0;0.0;fruit party 2;
;;;;;;;;;;;;;;;;
1958588682;18661546486;1,46251E+11;1,4306E+12;12.11.2023;5;bigger bass;YmlnZ2VyIGJhc3M;0;3;0.0;0;0.0;0.0;0.0;bigger bass bonanza;
;;;;;;;;;;;;;;;;
1958588682;18661546486;1,46251E+11;1,43437E+12;12.11.2023;5;eyes of horus;ZXllcyBvZiBob3J1cw;0;4;0.0;0;0.0;0.0;0.0;eyes of horus slots;
;;;;;;;;;;;;;;;;
1958588682;18661546486;1,46251E+11;1,45071E+12;12.11.2023;5;divine fortune megaways;ZGl2aW5lIGZvcnR1bmUgbWVnYXdheXM;0;1;0.0;0;0.0;0.0;0.0;madame megaways;
;;;;;;;;;;;;;;;;
1958588682;18661546486;1,46251E+11;1,45071E+12;12.11.2023;5;dragons luck megaways;ZHJhZ29ucyBsdWNrIG1lZ2F3YXlz;0;1;0.0;0;0.0;0.0;0.0;madame megaways;
;;;;;;;;;;;;;;;;
1958588682;18661546486;1,46251E+11;1,45071E+12;12.11.2023;5;secrets of the phoenix megaways;c2VjcmV0cyBvZiB0aGUgcGhvZW5peCBtZWdhd2F5cw;0;2;0.0;0;0.0;0.0;0.0;madame megaways;
;;;;;;;;;;;;;;;;
1958588682;18661546486;1,46251E+11;1,45071E+12;12.11.2023;5;who wants to be a millionaire megaways;d2hvIHdhbnRzIHRvIGJlIGEgbWlsbGlvbmFpcmUgbWVnYXdheXM;0;1;0.0;0;0.0;0.0;0.0;madame megaways;
;;;;;;;;;;;;;;;;
1958588682;18661546486;1,46251E+11;1,45071E+12;12.11.2023;5;wolf legend megaways;d29sZiBsZWdlbmQgbWVnYXdheXM;0;1;0.0;0;0.0;0.0;0.0;madame megaways;
;;;;;;;;;;;;;;;;
1958588682;18661546486;1,46251E+11;1,45647E+12;12.11.2023;2;wanted dead or wild;d2FudGVkIGRlYWQgb3Igd2lsZA;0;7;0.0;0;0.0;0.0;0.0;wanted dead or a wild slot;
;;;;;;;;;;;;;;;;
1958588682;18661546486;1,46251E+11;1,46227E+12;12.11.2023;2;buffalo spins;YnVmZmFsbyBzcGlucw;0;6;0.0;0;0.0;0.0;0.0;buffalo spins;
;;;;;;;;;;;;;;;;
1958588682;18661546486;1,46251E+11;1,46258E+12;12.11.2023;5;megahops megaways;bWVnYWhvcHMgbWVnYXdheXM;0;1;0.0;0;0.0;0.0;0.0;chilli heat megaways;
;;;;;;;;;;;;;;;;
1958588682;18661546486;1,46251E+11;1,46616E+12;12.11.2023;5;big bass christmas;YmlnIGJhc3MgY2hyaXN0bWFz;0;1;0.0;0;0.0;0.0;0.0;christmas big bass bonanza;EAIaIQobChMIof77paS_ggMVgItoCR1hdQiZEAAYASAAEgIjYfD_BwE
;;;;;;;;;;;;;;;;
1958588682;18661546486;1,46251E+11;1,46616E+12;12.11.2023;5;big bass christmas bash;YmlnIGJhc3MgY2hyaXN0bWFzIGJhc2g;2;55;0.0;16400000;0.0;0.0;0.0;christmas big bass bonanza;EAIaIQobChMIof77paS_ggMVgItoCR1hdQiZEAAYASAAEgIjYfD_BwE
;;;;;;;;;;;;;;;;
1958588682;18661546486;1,46251E+11;1,46616E+12;12.11.2023;5;big bass christmas bass;YmlnIGJhc3MgY2hyaXN0bWFzIGJhc3M;0;1;0.0;0;0.0;0.0;0.0;christmas big bass bonanza;EAIaIQobChMIof77paS_ggMVgItoCR1hdQiZEAAYASAAEgIjYfD_BwE
;;;;;;;;;;;;;;;;
1958588682;18661546486;1,46251E+11;1,46616E+12;12.11.2023;2;christmas big bass bonanza;Y2hyaXN0bWFzIGJpZyBiYXNzIGJvbmFuemE;1;1;0.0;6850000;0.0;0.0;0.0;christmas big bass bonanza;EAIaIQobChMIof77paS_ggMVgItoCR1hdQiZEAAYASAAEgIjYfD_BwE
;;;;;;;;;;;;;;;;
1958588682;18661546486;1,46251E+11;1,46616E+12;12.11.2023;5;play christmas big bass bonanza;cGxheSBjaHJpc3RtYXMgYmlnIGJhc3MgYm9uYW56YQ;0;2;0.0;0;0.0;0.0;0.0;christmas big bass bonanza;EAIaIQobChMIof77paS_ggMVgItoCR1hdQiZEAAYASAAEgIjYfD_BwE
;;;;;;;;;;;;;;;;
1958588682;18661546486;1,46251E+11;1,48756E+12;12.11.2023;5;leprechaun megaways;bGVwcmVjaGF1biBtZWdhd2F5cw;0;1;0.0;0;0.0;0.0;0.0;poseidon megaways;
;;;;;;;;;;;;;;;;
1958588682;18661546486;1,46251E+11;1,48756E+12;12.11.2023;5;pirate pays megaways;cGlyYXRlIHBheXMgbWVnYXdheXM;0;1;0.0;0;0.0;0.0;0.0;poseidon megaways;
;;;;;;;;;;;;;;;;
1958588682;18661546486;1,46251E+11;1,48756E+12;12.11.2023;5;tiki treasures megaways;dGlraSB0cmVhc3VyZXMgbWVnYXdheXM;0;1;0.0;0;0.0;0.0;0.0;poseidon megaways;
;;;;;;;;;;;;;;;;
1958588682;18661546486;1,46251E+11;1,48756E+12;12.11.2023;5;who wants to be a millionaire megaways;d2hvIHdhbnRzIHRvIGJlIGEgbWlsbGlvbmFpcmUgbWVnYXdheXM;0;1;0.0;0;0.0;0.0;0.0;poseidon megaways;
;;;;;;;;;;;;;;;;
1958588682;18661546486;1,46251E+11;1,63926E+12;12.11.2023;2;rainbow riches rainbow frenzy;cmFpbmJvdyByaWNoZXMgcmFpbmJvdyBmcmVuenk;0;1;0.0;0;0.0;0.0;0.0;rainbow riches rainbow frenzy;
;;;;;;;;;;;;;;;;
1958588682;18661546486;1,46251E+11;1,64644E+12;12.11.2023;2;wanted dead or a wild;d2FudGVkIGRlYWQgb3IgYSB3aWxk;0;1;0.0;0;0.0;0.0;0.0;wanted dead or a wild;
;;;;;;;;;;;;;;;;
1958588682;18661546486;1,46251E+11;1,65461E+12;12.11.2023;5;7 deluxe;NyBkZWx1eGU;0;1;0.0;0;0.0;0.0;0.0;7s deluxe fortune spins;
;;;;;;;;;;;;;;;;
1958588682;18661546486;1,46251E+11;1,65461E+12;12.11.2023;5;7s deluxe fire wheel;N3MgZGVsdXhlIGZpcmUgd2hlZWw;0;1;0.0;0;0.0;0.0;0.0;7s deluxe fortune spins;
;;;;;;;;;;;;;;;;
1958588682;18661546486;1,46251E+11;1,66154E+12;12.11.2023;5;clover slots;Y2xvdmVyIHNsb3Rz;0;2;0.0;0;0.0;0.0;0.0;clover gold slot;
;;;;;;;;;;;;;;;;
1958588682;18661546486;1,46251E+11;1,66333E+12;12.11.2023;2;cash collect slots;Y2FzaCBjb2xsZWN0IHNsb3Rz;0;3;0.0;0;0.0;0.0;0.0;cash collect slots;
;;;;;;;;;;;;;;;;
1958588682;18661546486;1,46251E+11;1,66333E+12;12.11.2023;5;sky vegad;c2t5IHZlZ2Fk;0;1;0.0;0;0.0;0.0;0.0;cash collect slots;
;;;;;;;;;;;;;;;;
1958588682;18661546486;1,46251E+11;1,6874E+12;12.11.2023;5;buffalo blitz live;YnVmZmFsbyBibGl0eiBsaXZl;0;1;0.0;0;0.0;0.0;0.0;play buffalo king megaways;
;;;;;;;;;;;;;;;;
1958588682;18661546486;1,46251E+11;1,6874E+12;12.11.2023;5;play buffalo blitz live;cGxheSBidWZmYWxvIGJsaXR6IGxpdmU;0;1;0.0;0;0.0;0.0;0.0;play buffalo king megaways;
;;;;;;;;;;;;;;;;
1958588682;18661546486;1,46251E+11;1,68761E+12;12.11.2023;5;wild west dual;d2lsZCB3ZXN0IGR1YWw;0;1;0.0;0;0.0;0.0;0.0;wild west duels;
;;;;;;;;;;;;;;;;
1958588682;18661546486;1,46251E+11;1,68761E+12;12.11.2023;5;wild west duel;d2lsZCB3ZXN0IGR1ZWw;0;1;0.0;0;0.0;0.0;0.0;wild west duels;
;;;;;;;;;;;;;;;;
1958588682;18661546486;1,46251E+11;1,68761E+12;12.11.2023;5;wild wild west wins;d2lsZCB3aWxkIHdlc3Qgd2lucw;0;1;0.0;0;0.0;0.0;0.0;wild west duels;
;;;;;;;;;;;;;;;;
1958588682;18661546486;1,46251E+11;1,71314E+12;12.11.2023;5;big bass game;YmlnIGJhc3MgZ2FtZQ;0;1;0.0;0;0.0;0.0;0.0;play big bass splash;
;;;;;;;;;;;;;;;;
1958588682;18661546486;1,46251E+11;1,71314E+12;12.11.2023;5;big bass hold and spinner megaways;YmlnIGJhc3MgaG9sZCBhbmQgc3Bpbm5lciBtZWdhd2F5cw;0;1;0.0;0;0.0;0.0;0.0;play big bass splash;
;;;;;;;;;;;;;;;;
1958588682;18661546486;1,46251E+11;1,72674E+12;12.11.2023;2;fishin frenzy the big catch;ZmlzaGluIGZyZW56eSB0aGUgYmlnIGNhdGNo;1;5;0.0;9950000;0.0;0.0;0.0;fishin' frenzy the big catch;EAIaIQobChMIjernpKW_ggMVNY1QBh3q0QW5EAAYAiAAEgICB_D_BwE
;;;;;;;;;;;;;;;;
1958588682;18661546486;1,46251E+11;1,72674E+12;12.11.2023;5;the big catch game;dGhlIGJpZyBjYXRjaCBnYW1l;0;1;0.0;0;0.0;0.0;0.0;fishin' frenzy the big catch;EAIaIQobChMIjernpKW_ggMVNY1QBh3q0QW5EAAYAiAAEgICB_D_BwE
;;;;;;;;;;;;;;;;
1958588682;18661546486;1,46251E+11;1,74023E+12;12.11.2023;2;big bass splash game;YmlnIGJhc3Mgc3BsYXNoIGdhbWU;1;1;0.0;8860000;0.0;0.0;0.0;big bass splash game;CjwKCAiA6byqBhAWEiwAnGCA4NKmwzxmMCgMqLN-xX1ai89zhkyFJGDYvmpz5TL0vMSr774jB3c7kRoC1WAQAvD_BwE
;;;;;;;;;;;;;;;;
1958588682;18661546486;1,46251E+11;1,84112E+12;12.11.2023;2;hand of anubis;aGFuZCBvZiBhbnViaXM;1;1;0.0;2680000;0.0;0.0;0.0;hand of anubis;EAIaIQobChMIrIzprPS9ggMVk-ztCh0sRwpqEAAYASAAEgJf3_D_BwE
;;;;;;;;;;;;;;;;
1958588682;18661546486;1,46251E+11;1,84636E+12;12.11.2023;5;bison rising;Ymlzb24gcmlzaW5n;1;2;1.0;3310000;3310000.0;30.0;0.0;bison rising megaways;Cj0KCQiAjMKqBhCgARIsAPDgWlxBjK4162B4UmIU9qN4hz03Cwd_GAsnVaIMCb6_f9kapHQdw3p3ATcaAoRCEALw_wcB
;;;;;;;;;;;;;;;;
1958588682;18661546486;1,46251E+11;1,87772E+12;12.11.2023;5;2023 new slots;MjAyMyBuZXcgc2xvdHM;0;1;0.0;0;0.0;0.0;0.0;new slots 2023;
;;;;;;;;;;;;;;;;
1958588682;18661546486;1,46251E+11;1,92458E+12;12.11.2023;2;rise of olympus 100;cmlzZSBvZiBvbHltcHVzIDEwMA;0;5;0.0;0;0.0;0.0;0.0;rise of olympus 100;
;;;;;;;;;;;;;;;;
1958588682;18661546486;1,46251E+11;1,9323E+12;12.11.2023;5;fishin pots of gold gold blitz;ZmlzaGluIHBvdHMgb2YgZ29sZCBnb2xkIGJsaXR6;0;1;0.0;0;0.0;0.0;0.0;gold blitz slot;
;;;;;;;;;;;;;;;;
1958588682;18661546486;1,46251E+11;1,93268E+12;12.11.2023;5;best rtp slots online;YmVzdCBydHAgc2xvdHMgb25saW5l;1;1;0.0;2690000;0.0;0.0;0.0;best rtp slots 2023;CjwKCAiA6byqBhAWEiwAnGCA4J5WiARa5J71kaAbe0m2M1WMyj3-03b3a4jBnAYEZzeTJD6tuI-NthoChcYQAvD_BwE
;;;;;;;;;;;;;;;;
1958588682;18661546486;1,46251E+11;1,93269E+12;12.11.2023;2;top rtp slots 2023;dG9wIHJ0cCBzbG90cyAyMDIz;0;1;0.0;0;0.0;0.0;0.0;top rtp slots 2023;
;;;;;;;;;;;;;;;;
1958588682;18661546486;1,46251E+11;1,94455E+12;12.11.2023;2;wild link frenzy;d2lsZCBsaW5rIGZyZW56eQ;0;1;0.0;0;0.0;0.0;0.0;wild link frenzy;
;;;;;;;;;;;;;;;;
1958588682;18661546486;1,46251E+11;1,9577E+12;12.11.2023;2;pragmatic slots;cHJhZ21hdGljIHNsb3Rz;1;2;0.0;2390000;0.0;0.0;0.0;best pragmatic slots 2023;EAIaIQobChMI4cvpkpe_ggMVQu3tCh0wkQPbEAAYAiAAEgIIyfD_BwE
;;;;;;;;;;;;;;;;
1958588682;18661546486;1,46251E+11;1,95857E+12;12.11.2023;5;1 cent slots online;MSBjZW50IHNsb3RzIG9ubGluZQ;0;1;0.0;0;0.0;0.0;0.0;best paying slots 2023;EAIaIQobChMI96X06um9ggMVWsDtCh1aqwM3EAAYBCAAEgIKtfD_BwE
;;;;;;;;;;;;;;;;
1958588682;18661546486;1,46251E+11;1,95857E+12;12.11.2023;5;best slots 2023;YmVzdCBzbG90cyAyMDIz;1;1;0.0;12270000;0.0;0.0;0.0;best paying slots 2023;EAIaIQobChMI96X06um9ggMVWsDtCh1aqwM3EAAYBCAAEgIKtfD_BwE
;;;;;;;;;;;;;;;;
1958588682;18661546486;1,46251E+11;1,95857E+12;12.11.2023;5;slots with bonus rounds;c2xvdHMgd2l0aCBib251cyByb3VuZHM;0;1;0.0;0;0.0;0.0;0.0;best paying slots 2023;EAIaIQobChMI96X06um9ggMVWsDtCh1aqwM3EAAYBCAAEgIKtfD_BwE
;;;;;;;;;;;;;;;;
1958588682;18661546486;1,46251E+11;1,96045E+12;12.11.2023;2;bigger bass blizzard;YmlnZ2VyIGJhc3MgYmxpenphcmQ;0;1;0.0;0;0.0;0.0;0.0;Bigger Bass Blizzard;
;;;;;;;;;;;;;;;;
1958588682;18661546486;1,46251E+11;1,96535E+12;12.11.2023;2;nitropolis 4;bml0cm9wb2xpcyA0;1;1;0.0;5870000;0.0;0.0;0.0;nitropolis 4;EAIaIQobChMIvfbr0Zm_ggMVwIuDBx0fmQf_EAAYASAAEgJK0_D_BwE
;;;;;;;;;;;;;;;;
1958588682;18661546486;1,46251E+11;1,9666E+12;12.11.2023;2;fishin frenzy even bigger catch;ZmlzaGluIGZyZW56eSBldmVuIGJpZ2dlciBjYXRjaA;0;1;0.0;0;0.0;0.0;0.0;fishin frenzy even bigger catch;
;;;;;;;;;;;;;;;;
1958588682;18661546486;1,46251E+11;1,9671E+12;12.11.2023;2;fishin frenzy even bigger catch;ZmlzaGluIGZyZW56eSBldmVuIGJpZ2dlciBjYXRjaA;0;4;0.0;0;0.0;0.0;0.0;fishin' frenzy even bigger catch;
;;;;;;;;;;;;;;;;
1958588682;18661546486;1,46251E+11;1,9671E+12;12.11.2023;5;7 deluxe slots;NyBkZWx1eGUgc2xvdHM;0;1;0.0;0;0.0;0.0;0.0;7's deluxe slot;
;;;;;;;;;;;;;;;;
1958588682;18661546486;1,46251E+11;1,99033E+12;12.11.2023;2;fire and roses joker;ZmlyZSBhbmQgcm9zZXMgam9rZXI;0;4;0.0;0;0.0;0.0;0.0;fire and roses joker;
;;;;;;;;;;;;;;;;
1958588682;18661546486;1,46251E+11;2,01468E+12;12.11.2023;2;9 pots of gold megaways;OSBwb3RzIG9mIGdvbGQgbWVnYXdheXM;0;2;0.0;0;0.0;0.0;0.0;9 pots of gold megaways;
;;;;;;;;;;;;;;;;
1958588682;18661546486;1,46251E+11;2,06448E+12;12.11.2023;5;pots of gold;cG90cyBvZiBnb2xk;1;2;0.0;7370000;0.0;0.0;0.0;play fishin pots of gold;EAIaIQobChMI55C9-tK9ggMVk-ztCh0sRwpqEAAYASAAEgI_YPD_BwE
;;;;;;;;;;;;;;;;
1958588682;18661546486;1,46251E+11;2,07892E+12;12.11.2023;2;monster superlanche;bW9uc3RlciBzdXBlcmxhbmNoZQ;0;1;0.0;0;0.0;0.0;0.0;monster superlanche;
;;;;;;;;;;;;;;;;
1958588682;18661546486;1,46251E+11;2,08685E+12;12.11.2023;2;fishin frenzy the big splash;ZmlzaGluIGZyZW56eSB0aGUgYmlnIHNwbGFzaA;0;1;0.0;0;0.0;0.0;0.0;fishin frenzy the big splash;
;;;;;;;;;;;;;;;;
1958588682;18661546486;1,46251E+11;2,12114E+12;12.11.2023;2;fishin frenzy fortune spins;ZmlzaGluIGZyZW56eSBmb3J0dW5lIHNwaW5z;0;2;0.0;0;0.0;0.0;0.0;fishin' frenzy fortune spins;
;;;;;;;;;;;;;;;;
1958588682;18661546486;1,46251E+11;2,12114E+12;12.11.2023;2;fishin frenzy the big splash;ZmlzaGluIGZyZW56eSB0aGUgYmlnIHNwbGFzaA;0;3;0.0;0;0.0;0.0;0.0;fishin' frenzy the big splash;
;;;;;;;;;;;;;;;;
1958588682;18661546486;1,46251E+11;2,12664E+12;12.11.2023;5;megaways uk;bWVnYXdheXMgdWs;0;1;0.0;0;0.0;0.0;0.0;best megaways slots 2023;
;;;;;;;;;;;;;;;;
1958588682;18661546486;1,46251E+11;2,18907E+12;12.11.2023;5;luck o irish;bHVjayBvIGlyaXNo;0;1;0.0;0;0.0;0.0;0.0;luck o' the irish fortune spins 2;
;;;;;;;;;;;;;;;;
1958588682;18661546486;1,46251E+11;2,18907E+12;12.11.2023;2;luck o the irish fortune spins 2;bHVjayBvIHRoZSBpcmlzaCBmb3J0dW5lIHNwaW5zIDI;0;3;0.0;0;0.0;0.0;0.0;luck o' the irish fortune spins 2;
;;;;;;;;;;;;;;;;
1958588682;18661546486;1,46251E+11;2,18907E+12;12.11.2023;5;luck of the irish fortune spins 2;bHVjayBvZiB0aGUgaXJpc2ggZm9ydHVuZSBzcGlucyAy;0;2;0.0;0;0.0;0.0;0.0;luck o' the irish fortune spins 2;
;;;;;;;;;;;;;;;;
1958588682;18661546486;1,46251E+11;2,20206E+12;12.11.2023;3;gold spins;Z29sZCBzcGlucw;0;4;0.0;0;0.0;0.0;0.0;luck o' the irish gold spins;
;;;;;;;;;;;;;;;;
1958588682;18661546486;1,46251E+11;2,23649E+12;12.11.2023;2;bigger pots of gold;YmlnZ2VyIHBvdHMgb2YgZ29sZA;0;2;0.0;0;0.0;0.0;0.0;bigger pots of gold;
;;;;;;;;;;;;;;;;
1958588682;18661546486;1,46251E+11;2,24116E+12;12.11.2023;2;big bass halloween;YmlnIGJhc3MgaGFsbG93ZWVu;0;4;0.0;0;0.0;0.0;0.0;play big bass halloween;
;;;;;;;;;;;;;;;;
1958588682;18661546486;1,46251E+11;2,24116E+12;12.11.2023;5;big bass splash halloween;YmlnIGJhc3Mgc3BsYXNoIGhhbGxvd2Vlbg;0;1;0.0;0;0.0;0.0;0.0;play big bass halloween;
